data,turno,rota,zona_origem,empresa,horario_previsto,horario_chegada,atraso_min,passageiros,chuva_mm,ocorrencia,pontual,apos_inicio_turno
2026-02-02,Manhã,R01,Norte,Viação Alfa,05:45,05:44,-1.0,33.0,0.0,Nenhuma,True,False
2026-02-02,Manhã,R02,Norte,Viação Alfa,05:45,05:43,-2.0,34.0,0.0,Nenhuma,True,False
2026-02-02,Manhã,R03,Leste,Viação Beta,05:45,05:36,-9.0,39.0,0.0,Nenhuma,True,False
2026-02-02,Manhã,R04,Sul,Viação Alfa,05:45,05:39,-6.0,,0.0,Nenhuma,True,False
2026-02-02,Manhã,R05,Leste,Viação Beta,05:45,05:42,-3.0,35.0,0.0,Nenhuma,True,False
2026-02-02,Manhã,R06,Oeste,Viação Alfa,05:45,05:42,-3.0,41.0,0.0,Nenhuma,True,False
2026-02-02,Manhã,R07,Centro-Sul,Viação Beta,05:45,05:41,-4.0,40.0,0.0,Nenhuma,True,False
2026-02-02,Manhã,R08,Norte,Viação Beta,05:45,05:39,-6.0,44.0,0.0,Nenhuma,True,False
2026-02-02,Tarde,R01,Norte,Viação Alfa,13:45,13:41,-4.0,44.0,0.0,Nenhuma,True,False
2026-02-02,Tarde,R02,Norte,Viação Alfa,13:45,13:41,-4.0,28.0,0.0,Nenhuma,True,False
2026-02-02,Tarde,R03,Leste,Viação Beta,13:45,13:43,-2.0,35.0,0.0,Nenhuma,True,False
2026-02-02,Tarde,R04,Sul,Viação Alfa,13:45,14:02,17.0,30.0,0.0,Pneu furado,False,True
2026-02-02,Tarde,R05,Leste,Viação Beta,13:45,13:42,-3.0,36.0,0.0,Nenhuma,True,False
2026-02-02,Tarde,R06,Oeste,Viação Alfa,13:45,13:46,1.0,35.0,0.0,Nenhuma,True,False
2026-02-02,Tarde,R07,Centro-Sul,Viação Beta,13:45,13:42,-3.0,41.0,0.0,Nenhuma,True,False
2026-02-02,Tarde,R08,Norte,Viação Beta,13:45,13:46,1.0,35.0,0.0,Nenhuma,True,False
2026-02-02,Noite,R01,Norte,Viação Alfa,21:45,21:54,9.0,35.0,8.5,Trânsito intenso,False,False
2026-02-02,Noite,R02,Norte,Viação Alfa,21:45,21:42,-3.0,35.0,8.5,Nenhuma,True,False
2026-02-02,Noite,R03,Leste,Viação Beta,21:45,21:54,9.0,33.0,8.5,Trânsito intenso,False,False
2026-02-02,Noite,R04,Sul,Viação Alfa,21:45,21:40,-5.0,28.0,8.5,Nenhuma,True,False
2026-02-02,Noite,R05,Leste,Viação Beta,21:45,21:46,1.0,34.0,8.5,Nenhuma,True,False
2026-02-02,Noite,R06,Oeste,Viação Alfa,21:45,21:48,3.0,40.0,8.5,Nenhuma,True,False
2026-02-02,Noite,R07,Centro-Sul,Viação Beta,21:45,21:40,-5.0,41.0,8.5,Nenhuma,True,False
2026-02-02,Noite,R08,Norte,Viação Beta,21:45,21:41,-4.0,31.0,8.5,Nenhuma,True,False
2026-02-03,Manhã,R01,Norte,Viação Alfa,05:45,05:42,-3.0,42.0,,Nenhuma,True,False
2026-02-03,Manhã,R02,Norte,Viação Alfa,05:45,05:52,7.0,41.0,,Trânsito intenso,False,False
2026-02-03,Manhã,R03,Leste,Viação Beta,05:45,05:42,-3.0,33.0,,Nenhuma,True,False
2026-02-03,Manhã,R04,Sul,Viação Alfa,05:45,05:49,4.0,34.0,,Nenhuma,True,False
2026-02-03,Manhã,R05,Leste,Viação Beta,05:45,05:44,-1.0,44.0,,Nenhuma,True,False
2026-02-03,Manhã,R06,Oeste,Viação Alfa,05:45,05:40,-5.0,37.0,,Nenhuma,True,False
2026-02-03,Manhã,R07,Centro-Sul,Viação Beta,05:45,05:42,-3.0,34.0,,Nenhuma,True,False
2026-02-03,Manhã,R08,Norte,Viação Beta,05:45,05:43,-2.0,40.0,,Nenhuma,True,False
2026-02-03,Tarde,R01,Norte,Viação Alfa,13:45,13:46,1.0,42.0,,Nenhuma,True,False
2026-02-03,Tarde,R02,Norte,Viação Alfa,13:45,13:46,1.0,44.0,,Nenhuma,True,False
2026-02-03,Tarde,R03,Leste,Viação Beta,13:45,13:45,0.0,38.0,,Nenhuma,True,False
2026-02-03,Tarde,R04,Sul,Viação Alfa,13:45,13:42,-3.0,37.0,,Nenhuma,True,False
2026-02-03,Tarde,R05,Leste,Viação Beta,13:45,13:43,-2.0,41.0,,Nenhuma,True,False
2026-02-03,Tarde,R06,Oeste,Viação Alfa,13:45,13:43,-2.0,33.0,,Nenhuma,True,False
2026-02-03,Tarde,R07,Centro-Sul,Viação Beta,13:45,13:39,-6.0,37.0,,Nenhuma,True,False
2026-02-03,Tarde,R08,Norte,Viação Beta,13:45,13:47,2.0,36.0,,Nenhuma,True,False
2026-02-03,Noite,R01,Norte,Viação Alfa,21:45,21:40,-5.0,40.0,,Nenhuma,True,False
2026-02-03,Noite,R02,Norte,Viação Alfa,21:45,21:37,-8.0,34.0,,Nenhuma,True,False
2026-02-03,Noite,R03,Leste,Viação Beta,21:45,21:38,-7.0,37.0,,Nenhuma,True,False
2026-02-03,Noite,R04,Sul,Viação Alfa,21:45,21:41,-4.0,36.0,,Nenhuma,True,False
2026-02-03,Noite,R05,Leste,Viação Beta,21:45,21:38,-7.0,39.0,,Nenhuma,True,False
2026-02-03,Noite,R06,Oeste,Viação Alfa,21:45,21:36,-9.0,33.0,,Nenhuma,True,False
2026-02-03,Noite,R07,Centro-Sul,Viação Beta,21:45,21:40,-5.0,38.0,,Nenhuma,True,False
2026-02-03,Noite,R08,Norte,Viação Beta,21:45,21:39,-6.0,43.0,,Nenhuma,True,False
2026-02-04,Manhã,R01,Norte,Viação Alfa,05:45,05:41,-4.0,36.0,0.0,Nenhuma,True,False
2026-02-04,Manhã,R02,Norte,Viação Alfa,05:45,05:44,-1.0,38.0,0.0,Nenhuma,True,False
2026-02-04,Manhã,R03,Leste,Viação Beta,05:45,05:44,-1.0,36.0,0.0,Nenhuma,True,False
2026-02-04,Manhã,R04,Sul,Viação Alfa,05:45,05:46,1.0,36.0,0.0,Nenhuma,True,False
2026-02-04,Manhã,R05,Leste,Viação Beta,05:45,05:42,-3.0,41.0,0.0,Nenhuma,True,False
2026-02-04,Manhã,R06,Oeste,Viação Alfa,05:45,05:43,-2.0,41.0,0.0,Nenhuma,True,False
2026-02-04,Manhã,R07,Centro-Sul,Viação Beta,05:45,05:40,-5.0,39.0,0.0,Nenhuma,True,False
2026-02-04,Manhã,R08,Norte,Viação Beta,05:45,05:39,-6.0,41.0,0.0,Nenhuma,True,False
2026-02-04,Tarde,R01,Norte,Viação Alfa,13:45,13:43,-2.0,38.0,0.0,Nenhuma,True,False
2026-02-04,Tarde,R02,Norte,Viação Alfa,13:45,13:42,-3.0,39.0,0.0,Nenhuma,True,False
2026-02-04,Tarde,R03,Leste,Viação Beta,13:45,13:50,5.0,38.0,0.0,Nenhuma,True,False
2026-02-04,Tarde,R04,Sul,Viação Alfa,13:45,13:39,-6.0,37.0,0.0,Nenhuma,True,False
2026-02-04,Tarde,R05,Leste,Viação Beta,13:45,13:41,-4.0,36.0,0.0,Nenhuma,True,False
2026-02-04,Tarde,R06,Oeste,Viação Alfa,13:45,13:58,13.0,34.0,0.0,Trânsito intenso,False,False
2026-02-04,Tarde,R07,Centro-Sul,Viação Beta,13:45,13:37,-8.0,37.0,0.0,Nenhuma,True,False
2026-02-04,Tarde,R08,Norte,Viação Beta,13:45,13:37,-8.0,42.0,0.0,Nenhuma,True,False
2026-02-04,Noite,R01,Norte,Viação Alfa,21:45,21:43,-2.0,37.0,9.7,Nenhuma,True,False
2026-02-04,Noite,R02,Norte,Viação Alfa,21:45,21:43,-2.0,38.0,9.7,Nenhuma,True,False
2026-02-04,Noite,R03,Leste,Viação Beta,21:45,21:41,-4.0,33.0,9.7,Nenhuma,True,False
2026-02-04,Noite,R04,Sul,Viação Alfa,21:45,21:47,2.0,33.0,9.7,Nenhuma,True,False
2026-02-04,Noite,R05,Leste,Viação Beta,21:45,21:43,-2.0,35.0,9.7,Nenhuma,True,False
2026-02-04,Noite,R06,Oeste,Viação Alfa,21:45,21:52,7.0,37.0,9.7,Nenhuma,False,False
2026-02-04,Noite,R07,Centro-Sul,Viação Beta,21:45,21:45,0.0,38.0,9.7,Nenhuma,True,False
2026-02-04,Noite,R08,Norte,Viação Beta,21:45,21:46,1.0,39.0,9.7,Nenhuma,True,False
2026-02-05,Manhã,R01,Norte,Viação Alfa,05:45,05:41,-4.0,34.0,0.0,Nenhuma,True,False
2026-02-05,Manhã,R02,Norte,Viação Alfa,05:45,05:41,-4.0,35.0,0.0,Nenhuma,True,False
2026-02-05,Manhã,R03,Leste,Viação Beta,05:45,05:44,-1.0,36.0,0.0,Nenhuma,True,False
2026-02-05,Manhã,R04,Sul,Viação Alfa,05:45,05:43,-2.0,38.0,0.0,Nenhuma,True,False
2026-02-05,Manhã,R05,Leste,Viação Beta,05:45,05:43,-2.0,39.0,0.0,Nenhuma,True,False
2026-02-05,Manhã,R06,Oeste,Viação Alfa,05:45,05:38,-7.0,36.0,0.0,Nenhuma,True,False
2026-02-05,Manhã,R07,Centro-Sul,Viação Beta,05:45,05:46,1.0,43.0,0.0,Nenhuma,True,False
2026-02-05,Manhã,R08,Norte,Viação Beta,05:45,05:45,0.0,35.0,0.0,Nenhuma,True,False
2026-02-05,Tarde,R01,Norte,Viação Alfa,13:45,13:40,-5.0,35.0,0.0,Nenhuma,True,False
2026-02-05,Tarde,R02,Norte,Viação Alfa,13:45,13:36,-9.0,34.0,0.0,Nenhuma,True,False
2026-02-05,Tarde,R03,Leste,Viação Beta,13:45,13:40,-5.0,41.0,0.0,Nenhuma,True,False
2026-02-05,Tarde,R04,Sul,Viação Alfa,13:45,13:47,2.0,39.0,0.0,Nenhuma,True,False
2026-02-05,Tarde,R05,Leste,Viação Beta,13:45,13:43,-2.0,41.0,0.0,Nenhuma,True,False
2026-02-05,Tarde,R06,Oeste,Viação Alfa,13:45,13:39,-6.0,43.0,0.0,Nenhuma,True,False
2026-02-05,Tarde,R07,Centro-Sul,Viação Beta,13:45,13:39,-6.0,40.0,0.0,Nenhuma,True,False
2026-02-05,Tarde,R08,Norte,Viação Beta,13:45,13:43,-2.0,38.0,0.0,Nenhuma,True,False
2026-02-05,Noite,R01,Norte,Viação Alfa,21:45,21:49,4.0,44.0,20.7,Chuva forte,True,False
2026-02-05,Noite,R02,Norte,Viação Alfa,21:45,21:46,1.0,40.0,20.7,Chuva forte,True,False
2026-02-05,Noite,R03,Leste,Viação Beta,21:45,21:52,7.0,41.0,20.7,Chuva forte,False,False
2026-02-05,Noite,R04,Sul,Viação Alfa,21:45,21:50,5.0,33.0,20.7,Chuva forte,True,False
2026-02-05,Noite,R05,Leste,Viação Beta,21:45,21:49,4.0,36.0,20.7,Chuva forte,True,False
2026-02-05,Noite,R06,Oeste,Viação Alfa,21:45,21:46,1.0,35.0,20.7,Chuva forte,True,False
2026-02-05,Noite,R07,Centro-Sul,Viação Beta,21:45,21:51,6.0,36.0,20.7,Chuva forte,False,False
2026-02-05,Noite,R08,Norte,Viação Beta,21:45,21:44,-1.0,44.0,20.7,Chuva forte,True,False
2026-02-06,Manhã,R01,Norte,Viação Alfa,05:45,05:43,-2.0,44.0,3.5,Nenhuma,True,False
2026-02-06,Manhã,R02,Norte,Viação Alfa,05:45,05:41,-4.0,34.0,3.5,Nenhuma,True,False
2026-02-06,Manhã,R03,Leste,Viação Beta,05:45,05:46,1.0,44.0,3.5,Nenhuma,True,False
2026-02-06,Manhã,R04,Sul,Viação Alfa,05:45,05:45,0.0,39.0,3.5,Nenhuma,True,False
2026-02-06,Manhã,R05,Leste,Viação Beta,05:45,05:48,3.0,31.0,3.5,Nenhuma,True,False
2026-02-06,Manhã,R06,Oeste,Viação Alfa,05:45,05:43,-2.0,43.0,3.5,Nenhuma,True,False
2026-02-06,Manhã,R07,Centro-Sul,Viação Beta,05:45,05:48,3.0,38.0,3.5,Nenhuma,True,False
2026-02-06,Manhã,R08,Norte,Viação Beta,05:45,05:43,-2.0,39.0,3.5,Nenhuma,True,False
2026-02-06,Tarde,R01,Norte,Viação Alfa,13:45,13:39,-6.0,44.0,0.8,Nenhuma,True,False
2026-02-06,Tarde,R02,Norte,Viação Alfa,13:45,13:42,-3.0,39.0,0.8,Nenhuma,True,False
2026-02-06,Tarde,R03,Leste,Viação Beta,13:45,13:45,0.0,33.0,0.8,Nenhuma,True,False
2026-02-06,Tarde,R04,Sul,Viação Alfa,13:45,13:40,-5.0,36.0,0.8,Nenhuma,True,False
2026-02-06,Tarde,R05,Leste,Viação Beta,13:45,13:39,-6.0,40.0,0.8,Nenhuma,True,False
2026-02-06,Tarde,R06,Oeste,Viação Alfa,13:45,13:43,-2.0,41.0,0.8,Nenhuma,True,False
2026-02-06,Tarde,R07,Centro-Sul,Viação Beta,13:45,13:43,-2.0,44.0,0.8,Nenhuma,True,False
2026-02-06,Tarde,R08,Norte,Viação Beta,13:45,13:45,0.0,42.0,0.8,Nenhuma,True,False
2026-02-06,Noite,R01,Norte,Viação Alfa,21:45,21:42,-3.0,40.0,0.0,Nenhuma,True,False
2026-02-06,Noite,R02,Norte,Viação Alfa,21:45,21:52,7.0,43.0,0.0,Pneu furado,False,False
2026-02-06,Noite,R03,Leste,Viação Beta,21:45,21:45,0.0,32.0,0.0,Nenhuma,True,False
2026-02-06,Noite,R04,Sul,Viação Alfa,21:45,21:40,-5.0,39.0,0.0,Nenhuma,True,False
2026-02-06,Noite,R05,Leste,Viação Beta,21:45,21:38,-7.0,30.0,0.0,Nenhuma,True,False
2026-02-06,Noite,R06,Oeste,Viação Alfa,21:45,21:38,-7.0,35.0,0.0,Nenhuma,True,False
2026-02-06,Noite,R07,Centro-Sul,Viação Beta,21:45,21:38,-7.0,34.0,0.0,Nenhuma,True,False
2026-02-06,Noite,R08,Norte,Viação Beta,21:45,21:46,1.0,44.0,0.0,Nenhuma,True,False
2026-02-07,Manhã,R01,Norte,Viação Alfa,05:45,05:42,-3.0,42.0,0.0,Nenhuma,True,False
2026-02-07,Manhã,R02,Norte,Viação Alfa,05:45,05:44,-1.0,37.0,0.0,Nenhuma,True,False
2026-02-07,Manhã,R03,Leste,Viação Beta,05:45,05:37,-8.0,28.0,0.0,Nenhuma,True,False
2026-02-07,Manhã,R04,Sul,Viação Alfa,05:45,05:39,-6.0,,0.0,Nenhuma,True,False
2026-02-07,Manhã,R05,Leste,Viação Beta,05:45,05:41,-4.0,37.0,0.0,Nenhuma,True,False
2026-02-07,Manhã,R06,Oeste,Viação Alfa,05:45,05:38,-7.0,36.0,0.0,Nenhuma,True,False
2026-02-07,Manhã,R07,Centro-Sul,Viação Beta,05:45,05:44,-1.0,37.0,0.0,Nenhuma,True,False
2026-02-07,Manhã,R08,Norte,Viação Beta,05:45,05:41,-4.0,33.0,0.0,Nenhuma,True,False
2026-02-07,Tarde,R01,Norte,Viação Alfa,13:45,13:42,-3.0,26.0,0.9,Nenhuma,True,False
2026-02-07,Tarde,R02,Norte,Viação Alfa,13:45,13:46,1.0,41.0,0.9,Nenhuma,True,False
2026-02-07,Tarde,R03,Leste,Viação Beta,13:45,13:36,-9.0,37.0,0.9,Nenhuma,True,False
2026-02-07,Tarde,R04,Sul,Viação Alfa,13:45,13:42,-3.0,34.0,0.9,Nenhuma,True,False
2026-02-07,Tarde,R05,Leste,Viação Beta,13:45,13:44,-1.0,38.0,0.9,Nenhuma,True,False
2026-02-07,Tarde,R06,Oeste,Viação Alfa,13:45,13:41,-4.0,41.0,0.9,Nenhuma,True,False
2026-02-07,Tarde,R07,Centro-Sul,Viação Beta,13:45,13:42,-3.0,40.0,0.9,Nenhuma,True,False
2026-02-07,Tarde,R08,Norte,Viação Beta,13:45,13:39,-6.0,35.0,0.9,Nenhuma,True,False
2026-02-07,Noite,R01,Norte,Viação Alfa,21:45,21:42,-3.0,36.0,0.0,Nenhuma,True,False
2026-02-07,Noite,R02,Norte,Viação Alfa,21:45,21:44,-1.0,37.0,0.0,Nenhuma,True,False
2026-02-07,Noite,R03,Leste,Viação Beta,21:45,21:44,-1.0,44.0,0.0,Nenhuma,True,False
2026-02-07,Noite,R04,Sul,Viação Alfa,21:45,21:38,-7.0,31.0,0.0,Nenhuma,True,False
2026-02-07,Noite,R05,Leste,Viação Beta,21:45,21:41,-4.0,37.0,0.0,Nenhuma,True,False
2026-02-07,Noite,R06,Oeste,Viação Alfa,21:45,21:41,-4.0,42.0,0.0,Nenhuma,True,False
2026-02-07,Noite,R07,Centro-Sul,Viação Beta,21:45,21:49,4.0,42.0,0.0,Trânsito intenso,True,False
2026-02-07,Noite,R08,Norte,Viação Beta,21:45,21:43,-2.0,31.0,0.0,Nenhuma,True,False
2026-02-09,Manhã,R01,Norte,Viação Alfa,05:45,05:49,4.0,39.0,17.7,Nenhuma,True,False
2026-02-09,Manhã,R02,Norte,Viação Alfa,05:45,05:51,6.0,43.0,17.7,Nenhuma,False,False
2026-02-09,Manhã,R03,Leste,Viação Beta,05:45,05:46,1.0,34.0,17.7,Nenhuma,True,False
2026-02-09,Manhã,R04,Sul,Viação Alfa,05:45,05:49,4.0,40.0,17.7,Nenhuma,True,False
2026-02-09,Manhã,R05,Leste,Viação Beta,05:45,05:48,3.0,39.0,17.7,Nenhuma,True,False
2026-02-09,Manhã,R06,Oeste,Viação Alfa,05:45,05:45,0.0,42.0,17.7,Nenhuma,True,False
2026-02-09,Manhã,R07,Centro-Sul,Viação Beta,05:45,05:46,1.0,40.0,17.7,Nenhuma,True,False
2026-02-09,Manhã,R08,Norte,Viação Beta,05:45,05:45,0.0,37.0,17.7,Nenhuma,True,False
2026-02-09,Tarde,R01,Norte,Viação Alfa,13:45,13:42,-3.0,43.0,0.0,Nenhuma,True,False
2026-02-09,Tarde,R02,Norte,Viação Alfa,13:45,13:43,-2.0,38.0,0.0,Nenhuma,True,False
2026-02-09,Tarde,R03,Leste,Viação Beta,13:45,13:39,-6.0,38.0,0.0,Nenhuma,True,False
2026-02-09,Tarde,R04,Sul,Viação Alfa,13:45,13:40,-5.0,37.0,0.0,Nenhuma,True,False
2026-02-09,Tarde,R05,Leste,Viação Beta,13:45,13:38,-7.0,42.0,0.0,Nenhuma,True,False
2026-02-09,Tarde,R06,Oeste,Viação Alfa,13:45,13:43,-2.0,36.0,0.0,Nenhuma,True,False
2026-02-09,Tarde,R07,Centro-Sul,Viação Beta,13:45,13:36,-9.0,34.0,0.0,Nenhuma,True,False
2026-02-09,Tarde,R08,Norte,Viação Beta,13:45,13:35,-10.0,32.0,0.0,Nenhuma,True,False
2026-02-09,Noite,R01,Norte,Viação Alfa,21:45,21:41,-4.0,30.0,0.2,Nenhuma,True,False
2026-02-09,Noite,R02,Norte,Viação Alfa,21:45,21:40,-5.0,39.0,0.2,Nenhuma,True,False
2026-02-09,Noite,R03,Leste,Viação Beta,21:45,21:46,1.0,38.0,0.2,Nenhuma,True,False
2026-02-09,Noite,R04,Sul,Viação Alfa,21:45,21:47,2.0,34.0,0.2,Nenhuma,True,False
2026-02-09,Noite,R05,Leste,Viação Beta,21:45,21:38,-7.0,44.0,0.2,Nenhuma,True,False
2026-02-09,Noite,R06,Oeste,Viação Alfa,21:45,21:39,-6.0,34.0,0.2,Nenhuma,True,False
2026-02-09,Noite,R07,Centro-Sul,Viação Beta,21:45,21:40,-5.0,38.0,0.2,Nenhuma,True,False
2026-02-09,Noite,R08,Norte,Viação Beta,21:45,21:38,-7.0,38.0,0.2,Nenhuma,True,False
2026-02-10,Manhã,R01,Norte,Viação Alfa,05:45,05:42,-3.0,37.0,0.0,Nenhuma,True,False
2026-02-10,Manhã,R02,Norte,Viação Alfa,05:45,05:42,-3.0,36.0,0.0,Nenhuma,True,False
2026-02-10,Manhã,R03,Leste,Viação Beta,05:45,05:40,-5.0,31.0,0.0,Nenhuma,True,False
2026-02-10,Manhã,R04,Sul,Viação Alfa,05:45,05:43,-2.0,30.0,0.0,Nenhuma,True,False
2026-02-10,Manhã,R05,Leste,Viação Beta,05:45,05:42,-3.0,37.0,0.0,Nenhuma,True,False
2026-02-10,Manhã,R06,Oeste,Viação Alfa,05:45,05:42,-3.0,35.0,0.0,Nenhuma,True,False
2026-02-10,Manhã,R07,Centro-Sul,Viação Beta,05:45,05:54,9.0,40.0,0.0,Trânsito intenso,False,False
2026-02-10,Manhã,R08,Norte,Viação Beta,05:45,05:46,1.0,35.0,0.0,Nenhuma,True,False
2026-02-10,Tarde,R01,Norte,Viação Alfa,13:45,13:45,0.0,37.0,3.0,Nenhuma,True,False
2026-02-10,Tarde,R02,Norte,Viação Alfa,13:45,13:38,-7.0,32.0,3.0,Nenhuma,True,False
2026-02-10,Tarde,R03,Leste,Viação Beta,13:45,13:49,4.0,41.0,3.0,Nenhuma,True,False
2026-02-10,Tarde,R04,Sul,Viação Alfa,13:45,13:42,-3.0,39.0,3.0,Nenhuma,True,False
2026-02-10,Tarde,R05,Leste,Viação Beta,13:45,13:44,-1.0,37.0,3.0,Nenhuma,True,False
2026-02-10,Tarde,R06,Oeste,Viação Alfa,13:45,13:48,3.0,34.0,3.0,Nenhuma,True,False
2026-02-10,Tarde,R07,Centro-Sul,Viação Beta,13:45,13:43,-2.0,37.0,3.0,Nenhuma,True,False
2026-02-10,Tarde,R08,Norte,Viação Beta,13:45,13:40,-5.0,36.0,3.0,Nenhuma,True,False
2026-02-10,Noite,R01,Norte,Viação Alfa,21:45,21:45,0.0,43.0,0.0,Nenhuma,True,False
2026-02-10,Noite,R02,Norte,Viação Alfa,21:45,21:38,-7.0,37.0,0.0,Nenhuma,True,False
2026-02-10,Noite,R03,Leste,Viação Beta,21:45,21:34,-11.0,38.0,0.0,Nenhuma,True,False
2026-02-10,Noite,R04,Sul,Viação Alfa,21:45,21:45,0.0,44.0,0.0,Nenhuma,True,False
2026-02-10,Noite,R05,Leste,Viação Beta,21:45,21:44,-1.0,38.0,0.0,Nenhuma,True,False
2026-02-10,Noite,R06,Oeste,Viação Alfa,21:45,21:44,-1.0,40.0,0.0,Nenhuma,True,False
2026-02-10,Noite,R07,Centro-Sul,Viação Beta,21:45,21:34,-11.0,35.0,0.0,Nenhuma,True,False
2026-02-10,Noite,R08,Norte,Viação Beta,21:45,21:44,-1.0,32.0,0.0,Nenhuma,True,False
2026-02-11,Manhã,R01,Norte,Viação Alfa,05:45,05:41,-4.0,31.0,10.7,Nenhuma,True,False
2026-02-11,Manhã,R02,Norte,Viação Alfa,05:45,05:47,2.0,34.0,10.7,Nenhuma,True,False
2026-02-11,Manhã,R03,Leste,Viação Beta,05:45,05:49,4.0,40.0,10.7,Nenhuma,True,False
2026-02-11,Manhã,R04,Sul,Viação Alfa,05:45,05:44,-1.0,38.0,10.7,Nenhuma,True,False
2026-02-11,Manhã,R05,Leste,Viação Beta,05:45,05:44,-1.0,42.0,10.7,Nenhuma,True,False
2026-02-11,Manhã,R06,Oeste,Viação Alfa,05:45,05:46,1.0,37.0,10.7,Nenhuma,True,False
2026-02-11,Manhã,R07,Centro-Sul,Viação Beta,05:45,05:47,2.0,31.0,10.7,Nenhuma,True,False
2026-02-11,Manhã,R08,Norte,Viação Beta,05:45,05:48,3.0,35.0,10.7,Nenhuma,True,False
2026-02-11,Tarde,R01,Norte,Viação Alfa,13:45,13:47,2.0,34.0,11.6,Nenhuma,True,False
2026-02-11,Tarde,R02,Norte,Viação Alfa,13:45,13:48,3.0,40.0,11.6,Nenhuma,True,False
2026-02-11,Tarde,R03,Leste,Viação Beta,13:45,13:47,2.0,35.0,11.6,Nenhuma,True,False
2026-02-11,Tarde,R04,Sul,Viação Alfa,13:45,13:47,2.0,37.0,11.6,Nenhuma,True,False
2026-02-11,Tarde,R05,Leste,Viação Beta,13:45,13:51,6.0,42.0,11.6,Nenhuma,False,False
2026-02-11,Tarde,R06,Oeste,Viação Alfa,13:45,13:49,4.0,34.0,11.6,Nenhuma,True,False
2026-02-11,Tarde,R07,Centro-Sul,Viação Beta,13:45,13:47,2.0,43.0,11.6,Nenhuma,True,False
2026-02-11,Tarde,R08,Norte,Viação Beta,13:45,13:49,4.0,39.0,11.6,Nenhuma,True,False
2026-02-11,Noite,R01,Norte,Viação Alfa,21:45,21:42,-3.0,38.0,2.2,Nenhuma,True,False
2026-02-11,Noite,R02,Norte,Viação Alfa,21:45,21:37,-8.0,36.0,2.2,Nenhuma,True,False
2026-02-11,Noite,R03,Leste,Viação Beta,21:45,21:38,-7.0,40.0,2.2,Nenhuma,True,False
2026-02-11,Noite,R04,Sul,Viação Alfa,21:45,21:40,-5.0,34.0,2.2,Nenhuma,True,False
2026-02-11,Noite,R05,Leste,Viação Beta,21:45,21:40,-5.0,40.0,2.2,Nenhuma,True,False
2026-02-11,Noite,R06,Oeste,Viação Alfa,21:45,21:42,-3.0,35.0,2.2,Nenhuma,True,False
2026-02-11,Noite,R07,Centro-Sul,Viação Beta,21:45,21:42,-3.0,,2.2,Nenhuma,True,False
2026-02-11,Noite,R08,Norte,Viação Beta,21:45,21:37,-8.0,44.0,2.2,Nenhuma,True,False
2026-02-12,Manhã,R01,Norte,Viação Alfa,05:45,05:41,-4.0,32.0,0.0,Nenhuma,True,False
2026-02-12,Manhã,R02,Norte,Viação Alfa,05:45,05:47,2.0,41.0,0.0,Nenhuma,True,False
2026-02-12,Manhã,R03,Leste,Viação Beta,05:45,05:40,-5.0,31.0,0.0,Nenhuma,True,False
2026-02-12,Manhã,R04,Sul,Viação Alfa,05:45,05:40,-5.0,39.0,0.0,Nenhuma,True,False
2026-02-12,Manhã,R05,Leste,Viação Beta,05:45,05:47,2.0,37.0,0.0,Nenhuma,True,False
2026-02-12,Manhã,R06,Oeste,Viação Alfa,05:45,05:44,-1.0,35.0,0.0,Nenhuma,True,False
2026-02-12,Manhã,R07,Centro-Sul,Viação Beta,05:45,05:44,-1.0,40.0,0.0,Nenhuma,True,False
2026-02-12,Manhã,R08,Norte,Viação Beta,05:45,05:38,-7.0,38.0,0.0,Nenhuma,True,False
2026-02-12,Tarde,R01,Norte,Viação Alfa,13:45,13:45,0.0,37.0,12.3,Nenhuma,True,False
2026-02-12,Tarde,R02,Norte,Viação Alfa,13:45,13:51,6.0,37.0,12.3,Nenhuma,False,False
2026-02-12,Tarde,R03,Leste,Viação Beta,13:45,13:46,1.0,41.0,12.3,Nenhuma,True,False
2026-02-12,Tarde,R04,Sul,Viação Alfa,13:45,13:49,4.0,43.0,12.3,Nenhuma,True,False
2026-02-12,Tarde,R05,Leste,Viação Beta,13:45,13:47,2.0,38.0,12.3,Nenhuma,True,False
2026-02-12,Tarde,R06,Oeste,Viação Alfa,13:45,13:46,1.0,37.0,12.3,Nenhuma,True,False
2026-02-12,Tarde,R07,Centro-Sul,Viação Beta,13:45,13:47,2.0,34.0,12.3,Nenhuma,True,False
2026-02-12,Tarde,R08,Norte,Viação Beta,13:45,13:44,-1.0,27.0,12.3,Nenhuma,True,False
2026-02-12,Noite,R01,Norte,Viação Alfa,21:45,21:41,-4.0,37.0,0.0,Nenhuma,True,False
2026-02-12,Noite,R02,Norte,Viação Alfa,21:45,21:41,-4.0,39.0,0.0,Nenhuma,True,False
2026-02-12,Noite,R03,Leste,Viação Beta,21:45,21:40,-5.0,41.0,0.0,Nenhuma,True,False
2026-02-12,Noite,R04,Sul,Viação Alfa,21:45,21:39,-6.0,40.0,0.0,Nenhuma,True,False
2026-02-12,Noite,R05,Leste,Viação Beta,21:45,21:38,-7.0,44.0,0.0,Nenhuma,True,False
2026-02-12,Noite,R06,Oeste,Viação Alfa,21:45,21:42,-3.0,38.0,0.0,Nenhuma,True,False
2026-02-12,Noite,R07,Centro-Sul,Viação Beta,21:45,21:38,-7.0,35.0,0.0,Nenhuma,True,False
2026-02-12,Noite,R08,Norte,Viação Beta,21:45,21:39,-6.0,39.0,0.0,Nenhuma,True,False
2026-02-13,Manhã,R01,Norte,Viação Alfa,05:45,05:40,-5.0,43.0,0.0,Nenhuma,True,False
2026-02-13,Manhã,R02,Norte,Viação Alfa,05:45,05:38,-7.0,34.0,0.0,Nenhuma,True,False
2026-02-13,Manhã,R03,Leste,Viação Beta,05:45,05:44,-1.0,34.0,0.0,Nenhuma,True,False
2026-02-13,Manhã,R04,Sul,Viação Alfa,05:45,05:44,-1.0,43.0,0.0,Nenhuma,True,False
2026-02-13,Manhã,R05,Leste,Viação Beta,05:45,05:50,5.0,38.0,0.0,Nenhuma,True,False
2026-02-13,Manhã,R06,Oeste,Viação Alfa,05:45,05:48,3.0,41.0,0.0,Nenhuma,True,False
2026-02-13,Manhã,R07,Centro-Sul,Viação Beta,05:45,05:41,-4.0,40.0,0.0,Nenhuma,True,False
2026-02-13,Manhã,R08,Norte,Viação Beta,05:45,05:42,-3.0,43.0,0.0,Nenhuma,True,False
2026-02-13,Tarde,R01,Norte,Viação Alfa,13:45,13:39,-6.0,40.0,0.0,Nenhuma,True,False
2026-02-13,Tarde,R02,Norte,Viação Alfa,13:45,13:41,-4.0,44.0,0.0,Nenhuma,True,False
2026-02-13,Tarde,R03,Leste,Viação Beta,13:45,13:42,-3.0,42.0,0.0,Nenhuma,True,False
2026-02-13,Tarde,R04,Sul,Viação Alfa,13:45,13:43,-2.0,38.0,0.0,Nenhuma,True,False
2026-02-13,Tarde,R05,Leste,Viação Beta,13:45,13:39,-6.0,44.0,0.0,Nenhuma,True,False
2026-02-13,Tarde,R06,Oeste,Viação Alfa,13:45,13:46,1.0,34.0,0.0,Nenhuma,True,False
2026-02-13,Tarde,R07,Centro-Sul,Viação Beta,13:45,13:43,-2.0,32.0,0.0,Nenhuma,True,False
2026-02-13,Tarde,R08,Norte,Viação Beta,13:45,13:41,-4.0,36.0,0.0,Nenhuma,True,False
2026-02-13,Noite,R01,Norte,Viação Alfa,21:45,21:45,0.0,39.0,0.0,Nenhuma,True,False
2026-02-13,Noite,R02,Norte,Viação Alfa,21:45,21:34,-11.0,34.0,0.0,Nenhuma,True,False
2026-02-13,Noite,R03,Leste,Viação Beta,21:45,21:41,-4.0,40.0,0.0,Nenhuma,True,False
2026-02-13,Noite,R04,Sul,Viação Alfa,21:45,21:43,-2.0,38.0,0.0,Nenhuma,True,False
2026-02-13,Noite,R05,Leste,Viação Beta,21:45,21:43,-2.0,39.0,0.0,Nenhuma,True,False
2026-02-13,Noite,R06,Oeste,Viação Alfa,21:45,21:44,-1.0,35.0,0.0,Nenhuma,True,False
2026-02-13,Noite,R07,Centro-Sul,Viação Beta,21:45,21:42,-3.0,38.0,0.0,Nenhuma,True,False
2026-02-13,Noite,R08,Norte,Viação Beta,21:45,21:41,-4.0,40.0,0.0,Nenhuma,True,False
2026-02-14,Manhã,R01,Norte,Viação Alfa,05:45,05:48,3.0,34.0,14.3,Nenhuma,True,False
2026-02-14,Manhã,R02,Norte,Viação Alfa,05:45,05:49,4.0,36.0,14.3,Nenhuma,True,False
2026-02-14,Manhã,R03,Leste,Viação Beta,05:45,05:43,-2.0,36.0,14.3,Nenhuma,True,False
2026-02-14,Manhã,R04,Sul,Viação Alfa,05:45,05:47,2.0,36.0,14.3,Nenhuma,True,False
2026-02-14,Manhã,R05,Leste,Viação Beta,05:45,05:53,8.0,40.0,14.3,Nenhuma,False,False
2026-02-14,Manhã,R06,Oeste,Viação Alfa,05:45,05:44,-1.0,30.0,14.3,Nenhuma,True,False
2026-02-14,Manhã,R07,Centro-Sul,Viação Beta,05:45,05:49,4.0,33.0,14.3,Nenhuma,True,False
2026-02-14,Manhã,R08,Norte,Viação Beta,05:45,06:28,43.0,29.0,14.3,Pane mecânica,False,True
2026-02-14,Tarde,R01,Norte,Viação Alfa,13:45,13:46,1.0,40.0,1.4,Nenhuma,True,False
2026-02-14,Tarde,R02,Norte,Viação Alfa,13:45,13:44,-1.0,38.0,1.4,Nenhuma,True,False
2026-02-14,Tarde,R03,Leste,Viação Beta,13:45,13:44,-1.0,41.0,1.4,Nenhuma,True,False
2026-02-14,Tarde,R04,Sul,Viação Alfa,13:45,13:45,0.0,36.0,1.4,Nenhuma,True,False
2026-02-14,Tarde,R05,Leste,Viação Beta,13:45,13:43,-2.0,40.0,1.4,Nenhuma,True,False
2026-02-14,Tarde,R06,Oeste,Viação Alfa,13:45,13:38,-7.0,38.0,1.4,Nenhuma,True,False
2026-02-14,Tarde,R07,Centro-Sul,Viação Beta,13:45,13:45,0.0,33.0,1.4,Nenhuma,True,False
2026-02-14,Tarde,R08,Norte,Viação Beta,13:45,13:45,0.0,32.0,1.4,Nenhuma,True,False
2026-02-14,Noite,R01,Norte,Viação Alfa,21:45,21:54,9.0,31.0,26.3,Chuva forte,False,False
2026-02-14,Noite,R02,Norte,Viação Alfa,21:45,21:54,9.0,36.0,26.3,Chuva forte,False,False
2026-02-14,Noite,R03,Leste,Viação Beta,21:45,21:48,3.0,36.0,26.3,Chuva forte,True,False
2026-02-14,Noite,R04,Sul,Viação Alfa,21:45,21:51,6.0,29.0,26.3,Chuva forte,False,False
2026-02-14,Noite,R05,Leste,Viação Beta,21:45,21:49,4.0,44.0,26.3,Chuva forte,True,False
2026-02-14,Noite,R06,Oeste,Viação Alfa,21:45,21:46,1.0,38.0,26.3,Chuva forte,True,False
2026-02-14,Noite,R07,Centro-Sul,Viação Beta,21:45,21:49,4.0,38.0,26.3,Chuva forte,True,False
2026-02-14,Noite,R08,Norte,Viação Beta,21:45,21:51,6.0,43.0,26.3,Chuva forte,False,False
2026-02-16,Manhã,R01,Norte,Viação Alfa,05:45,05:47,2.0,41.0,5.4,Nenhuma,True,False
2026-02-16,Manhã,R02,Norte,Viação Alfa,05:45,05:42,-3.0,41.0,5.4,Nenhuma,True,False
2026-02-16,Manhã,R03,Leste,Viação Beta,05:45,05:41,-4.0,38.0,5.4,Nenhuma,True,False
2026-02-16,Manhã,R04,Sul,Viação Alfa,05:45,05:46,1.0,36.0,5.4,Nenhuma,True,False
2026-02-16,Manhã,R05,Leste,Viação Beta,05:45,05:45,0.0,32.0,5.4,Nenhuma,True,False
2026-02-16,Manhã,R06,Oeste,Viação Alfa,05:45,05:52,7.0,40.0,5.4,Nenhuma,False,False
2026-02-16,Manhã,R07,Centro-Sul,Viação Beta,05:45,05:38,-7.0,40.0,5.4,Nenhuma,True,False
2026-02-16,Manhã,R08,Norte,Viação Beta,05:45,05:40,-5.0,34.0,5.4,Nenhuma,True,False
2026-02-16,Tarde,R01,Norte,Viação Alfa,13:45,13:43,-2.0,38.0,7.4,Nenhuma,True,False
2026-02-16,Tarde,R02,Norte,Viação Alfa,13:45,13:44,-1.0,38.0,7.4,Nenhuma,True,False
2026-02-16,Tarde,R03,Leste,Viação Beta,13:45,13:45,0.0,44.0,7.4,Nenhuma,True,False
2026-02-16,Tarde,R04,Sul,Viação Alfa,13:45,13:44,-1.0,36.0,7.4,Nenhuma,True,False
2026-02-16,Tarde,R05,Leste,Viação Beta,13:45,13:47,2.0,35.0,7.4,Nenhuma,True,False
2026-02-16,Tarde,R06,Oeste,Viação Alfa,13:45,13:43,-2.0,44.0,7.4,Nenhuma,True,False
2026-02-16,Tarde,R07,Centro-Sul,Viação Beta,13:45,13:38,-7.0,38.0,7.4,Nenhuma,True,False
2026-02-16,Tarde,R08,Norte,Viação Beta,13:45,13:47,2.0,36.0,7.4,Nenhuma,True,False
2026-02-16,Noite,R01,Norte,Viação Alfa,21:45,21:40,-5.0,31.0,13.9,Nenhuma,True,False
2026-02-16,Noite,R02,Norte,Viação Alfa,21:45,21:45,0.0,44.0,13.9,Nenhuma,True,False
2026-02-16,Noite,R03,Leste,Viação Beta,21:45,21:47,2.0,38.0,13.9,Nenhuma,True,False
2026-02-16,Noite,R04,Sul,Viação Alfa,21:45,21:41,-4.0,40.0,13.9,Nenhuma,True,False
2026-02-16,Noite,R05,Leste,Viação Beta,21:45,21:44,-1.0,37.0,13.9,Nenhuma,True,False
2026-02-16,Noite,R06,Oeste,Viação Alfa,21:45,21:46,1.0,35.0,13.9,Nenhuma,True,False
2026-02-16,Noite,R07,Centro-Sul,Viação Beta,21:45,21:43,-2.0,37.0,13.9,Nenhuma,True,False
2026-02-16,Noite,R08,Norte,Viação Beta,21:45,21:38,-7.0,35.0,13.9,Nenhuma,True,False
2026-02-17,Manhã,R01,Norte,Viação Alfa,05:45,05:42,-3.0,40.0,8.2,Nenhuma,True,False
2026-02-17,Manhã,R02,Norte,Viação Alfa,05:45,05:45,0.0,38.0,8.2,Nenhuma,True,False
2026-02-17,Manhã,R03,Leste,Viação Beta,05:45,05:45,0.0,36.0,8.2,Nenhuma,True,False
2026-02-17,Manhã,R04,Sul,Viação Alfa,05:45,05:45,0.0,40.0,8.2,Nenhuma,True,False
2026-02-17,Manhã,R05,Leste,Viação Beta,05:45,05:42,-3.0,35.0,8.2,Nenhuma,True,False
2026-02-17,Manhã,R06,Oeste,Viação Alfa,05:45,05:44,-1.0,41.0,8.2,Nenhuma,True,False
2026-02-17,Manhã,R07,Centro-Sul,Viação Beta,05:45,05:43,-2.0,38.0,8.2,Nenhuma,True,False
2026-02-17,Manhã,R08,Norte,Viação Beta,05:45,05:47,2.0,35.0,8.2,Nenhuma,True,False
2026-02-17,Tarde,R01,Norte,Viação Alfa,13:45,13:44,-1.0,42.0,0.0,Nenhuma,True,False
2026-02-17,Tarde,R02,Norte,Viação Alfa,13:45,13:41,-4.0,34.0,0.0,Nenhuma,True,False
2026-02-17,Tarde,R03,Leste,Viação Beta,13:45,13:51,6.0,39.0,0.0,Nenhuma,False,False
2026-02-17,Tarde,R04,Sul,Viação Alfa,13:45,13:41,-4.0,37.0,0.0,Nenhuma,True,False
2026-02-17,Tarde,R05,Leste,Viação Beta,13:45,13:39,-6.0,44.0,0.0,Nenhuma,True,False
2026-02-17,Tarde,R06,Oeste,Viação Alfa,13:45,13:41,-4.0,36.0,0.0,Nenhuma,True,False
2026-02-17,Tarde,R07,Centro-Sul,Viação Beta,13:45,13:42,-3.0,38.0,0.0,Nenhuma,True,False
2026-02-17,Tarde,R08,Norte,Viação Beta,13:45,13:47,2.0,38.0,0.0,Nenhuma,True,False
2026-02-17,Noite,R01,Norte,Viação Alfa,21:45,21:39,-6.0,40.0,0.0,Nenhuma,True,False
2026-02-17,Noite,R02,Norte,Viação Alfa,21:45,21:41,-4.0,36.0,0.0,Nenhuma,True,False
2026-02-17,Noite,R03,Leste,Viação Beta,21:45,21:44,-1.0,39.0,0.0,Nenhuma,True,False
2026-02-17,Noite,R04,Sul,Viação Alfa,21:45,21:53,8.0,39.0,0.0,Trânsito intenso,False,False
2026-02-17,Noite,R05,Leste,Viação Beta,21:45,21:37,-8.0,40.0,0.0,Nenhuma,True,False
2026-02-17,Noite,R06,Oeste,Viação Alfa,21:45,21:39,-6.0,33.0,0.0,Nenhuma,True,False
2026-02-17,Noite,R07,Centro-Sul,Viação Beta,21:45,21:45,0.0,44.0,0.0,Nenhuma,True,False
2026-02-17,Noite,R08,Norte,Viação Beta,21:45,21:48,3.0,42.0,0.0,Pneu furado,True,False
2026-02-18,Manhã,R01,Norte,Viação Alfa,05:45,05:36,-9.0,37.0,0.0,Nenhuma,True,False
2026-02-18,Manhã,R02,Norte,Viação Alfa,05:45,05:46,1.0,35.0,0.0,Nenhuma,True,False
2026-02-18,Manhã,R03,Leste,Viação Beta,05:45,05:41,-4.0,39.0,0.0,Nenhuma,True,False
2026-02-18,Manhã,R04,Sul,Viação Alfa,05:45,05:40,-5.0,39.0,0.0,Nenhuma,True,False
2026-02-18,Manhã,R05,Leste,Viação Beta,05:45,05:42,-3.0,38.0,0.0,Nenhuma,True,False
2026-02-18,Manhã,R06,Oeste,Viação Alfa,05:45,06:02,17.0,31.0,0.0,Pane mecânica,False,True
2026-02-18,Manhã,R07,Centro-Sul,Viação Beta,05:45,05:38,-7.0,40.0,0.0,Nenhuma,True,False
2026-02-18,Manhã,R08,Norte,Viação Beta,05:45,05:54,9.0,39.0,0.0,Trânsito intenso,False,False
2026-02-18,Tarde,R01,Norte,Viação Alfa,13:45,13:44,-1.0,39.0,7.9,Nenhuma,True,False
2026-02-18,Tarde,R02,Norte,Viação Alfa,13:45,13:45,0.0,42.0,7.9,Nenhuma,True,False
2026-02-18,Tarde,R03,Leste,Viação Beta,13:45,14:19,34.0,37.0,7.9,Pane mecânica,False,True
2026-02-18,Tarde,R04,Sul,Viação Alfa,13:45,13:50,5.0,31.0,7.9,Nenhuma,True,False
2026-02-18,Tarde,R05,Leste,Viação Beta,13:45,13:49,4.0,40.0,7.9,Nenhuma,True,False
2026-02-18,Tarde,R06,Oeste,Viação Alfa,13:45,13:47,2.0,36.0,7.9,Nenhuma,True,False
2026-02-18,Tarde,R07,Centro-Sul,Viação Beta,13:45,13:49,4.0,40.0,7.9,Nenhuma,True,False
2026-02-18,Tarde,R08,Norte,Viação Beta,13:45,13:42,-3.0,36.0,7.9,Nenhuma,True,False
2026-02-18,Noite,R01,Norte,Viação Alfa,21:45,21:49,4.0,44.0,15.7,Nenhuma,True,False
2026-02-18,Noite,R02,Norte,Viação Alfa,21:45,21:47,2.0,30.0,15.7,Nenhuma,True,False
2026-02-18,Noite,R03,Leste,Viação Beta,21:45,21:43,-2.0,32.0,15.7,Nenhuma,True,False
2026-02-18,Noite,R04,Sul,Viação Alfa,21:45,21:43,-2.0,34.0,15.7,Nenhuma,True,False
2026-02-18,Noite,R05,Leste,Viação Beta,21:45,21:47,2.0,38.0,15.7,Nenhuma,True,False
2026-02-18,Noite,R06,Oeste,Viação Alfa,21:45,21:47,2.0,43.0,15.7,Nenhuma,True,False
2026-02-18,Noite,R07,Centro-Sul,Viação Beta,21:45,21:44,-1.0,42.0,15.7,Nenhuma,True,False
2026-02-18,Noite,R08,Norte,Viação Beta,21:45,22:02,17.0,35.0,15.7,Trânsito intenso,False,True
2026-02-19,Manhã,R01,Norte,Viação Alfa,05:45,05:42,-3.0,37.0,0.0,Nenhuma,True,False
2026-02-19,Manhã,R02,Norte,Viação Alfa,05:45,05:47,2.0,44.0,0.0,Nenhuma,True,False
2026-02-19,Manhã,R03,Leste,Viação Beta,05:45,05:45,0.0,38.0,0.0,Nenhuma,True,False
2026-02-19,Manhã,R04,Sul,Viação Alfa,05:45,05:40,-5.0,44.0,0.0,Nenhuma,True,False
2026-02-19,Manhã,R05,Leste,Viação Beta,05:45,05:40,-5.0,37.0,0.0,Nenhuma,True,False
2026-02-19,Manhã,R06,Oeste,Viação Alfa,05:45,05:42,-3.0,30.0,0.0,Nenhuma,True,False
2026-02-19,Manhã,R07,Centro-Sul,Viação Beta,05:45,05:42,-3.0,30.0,0.0,Nenhuma,True,False
2026-02-19,Manhã,R08,Norte,Viação Beta,05:45,05:40,-5.0,44.0,0.0,Nenhuma,True,False
2026-02-19,Tarde,R01,Norte,Viação Alfa,13:45,13:43,-2.0,44.0,0.0,Nenhuma,True,False
2026-02-19,Tarde,R02,Norte,Viação Alfa,13:45,13:46,1.0,38.0,0.0,Nenhuma,True,False
2026-02-19,Tarde,R03,Leste,Viação Beta,13:45,13:46,1.0,41.0,0.0,Nenhuma,True,False
2026-02-19,Tarde,R04,Sul,Viação Alfa,13:45,13:40,-5.0,42.0,0.0,Nenhuma,True,False
2026-02-19,Tarde,R05,Leste,Viação Beta,13:45,13:38,-7.0,38.0,0.0,Nenhuma,True,False
2026-02-19,Tarde,R06,Oeste,Viação Alfa,13:45,13:39,-6.0,44.0,0.0,Nenhuma,True,False
2026-02-19,Tarde,R07,Centro-Sul,Viação Beta,13:45,13:44,-1.0,44.0,0.0,Nenhuma,True,False
2026-02-19,Tarde,R08,Norte,Viação Beta,13:45,13:41,-4.0,23.0,0.0,Nenhuma,True,False
2026-02-19,Noite,R01,Norte,Viação Alfa,21:45,21:45,0.0,40.0,9.8,Nenhuma,True,False
2026-02-19,Noite,R02,Norte,Viação Alfa,21:45,21:44,-1.0,43.0,9.8,Nenhuma,True,False
2026-02-19,Noite,R03,Leste,Viação Beta,21:45,21:46,1.0,35.0,9.8,Nenhuma,True,False
2026-02-19,Noite,R04,Sul,Viação Alfa,21:45,21:50,5.0,37.0,9.8,Nenhuma,True,False
2026-02-19,Noite,R05,Leste,Viação Beta,21:45,21:44,-1.0,40.0,9.8,Nenhuma,True,False
2026-02-19,Noite,R06,Oeste,Viação Alfa,21:45,21:44,-1.0,39.0,9.8,Nenhuma,True,False
2026-02-19,Noite,R07,Centro-Sul,Viação Beta,21:45,21:43,-2.0,36.0,9.8,Nenhuma,True,False
2026-02-19,Noite,R08,Norte,Viação Beta,21:45,21:42,-3.0,39.0,9.8,Nenhuma,True,False
2026-02-20,Manhã,R01,Norte,Viação Alfa,05:45,05:37,-8.0,34.0,0.0,Nenhuma,True,False
2026-02-20,Manhã,R02,Norte,Viação Alfa,05:45,05:45,0.0,39.0,0.0,Nenhuma,True,False
2026-02-20,Manhã,R03,Leste,Viação Beta,05:45,05:41,-4.0,42.0,0.0,Nenhuma,True,False
2026-02-20,Manhã,R04,Sul,Viação Alfa,05:45,05:40,-5.0,37.0,0.0,Nenhuma,True,False
2026-02-20,Manhã,R05,Leste,Viação Beta,05:45,05:37,-8.0,38.0,0.0,Nenhuma,True,False
2026-02-20,Manhã,R06,Oeste,Viação Alfa,05:45,05:45,0.0,37.0,0.0,Nenhuma,True,False
2026-02-20,Manhã,R07,Centro-Sul,Viação Beta,05:45,05:39,-6.0,44.0,0.0,Nenhuma,True,False
2026-02-20,Manhã,R08,Norte,Viação Beta,05:45,05:38,-7.0,44.0,0.0,Nenhuma,True,False
2026-02-20,Tarde,R01,Norte,Viação Alfa,13:45,13:46,1.0,34.0,7.2,Nenhuma,True,False
2026-02-20,Tarde,R02,Norte,Viação Alfa,13:45,13:42,-3.0,40.0,7.2,Nenhuma,True,False
2026-02-20,Tarde,R03,Leste,Viação Beta,13:45,13:45,0.0,40.0,7.2,Nenhuma,True,False
2026-02-20,Tarde,R04,Sul,Viação Alfa,13:45,13:44,-1.0,40.0,7.2,Nenhuma,True,False
2026-02-20,Tarde,R05,Leste,Viação Beta,13:45,13:48,3.0,37.0,7.2,Nenhuma,True,False
2026-02-20,Tarde,R06,Oeste,Viação Alfa,13:45,13:46,1.0,41.0,7.2,Nenhuma,True,False
2026-02-20,Tarde,R07,Centro-Sul,Viação Beta,13:45,13:41,-4.0,37.0,7.2,Nenhuma,True,False
2026-02-20,Tarde,R08,Norte,Viação Beta,13:45,13:45,0.0,44.0,7.2,Nenhuma,True,False
2026-02-20,Noite,R01,Norte,Viação Alfa,21:45,21:47,2.0,41.0,20.9,Chuva forte,True,False
2026-02-20,Noite,R02,Norte,Viação Alfa,21:45,21:45,0.0,39.0,20.9,Chuva forte,True,False
2026-02-20,Noite,R03,Leste,Viação Beta,21:45,21:46,1.0,32.0,20.9,Chuva forte,True,False
2026-02-20,Noite,R04,Sul,Viação Alfa,21:45,21:46,1.0,38.0,20.9,Chuva forte,True,False
2026-02-20,Noite,R05,Leste,Viação Beta,21:45,21:52,7.0,37.0,20.9,Chuva forte,False,False
2026-02-20,Noite,R06,Oeste,Viação Alfa,21:45,21:45,0.0,35.0,20.9,Chuva forte,True,False
2026-02-20,Noite,R07,Centro-Sul,Viação Beta,21:45,21:45,0.0,35.0,20.9,Chuva forte,True,False
2026-02-20,Noite,R08,Norte,Viação Beta,21:45,21:47,2.0,37.0,20.9,Chuva forte,True,False
2026-02-21,Manhã,R01,Norte,Viação Alfa,05:45,05:45,0.0,36.0,3.8,Nenhuma,True,False
2026-02-21,Manhã,R02,Norte,Viação Alfa,05:45,17:42,,39.0,3.8,Nenhuma,,
2026-02-21,Manhã,R03,Leste,Viação Beta,05:45,05:46,1.0,37.0,3.8,Nenhuma,True,False
2026-02-21,Manhã,R04,Sul,Viação Alfa,05:45,06:13,28.0,35.0,3.8,Pneu furado,False,True
2026-02-21,Manhã,R05,Leste,Viação Beta,05:45,05:47,2.0,41.0,3.8,Nenhuma,True,False
2026-02-21,Manhã,R06,Oeste,Viação Alfa,05:45,05:42,-3.0,31.0,3.8,Nenhuma,True,False
2026-02-21,Manhã,R07,Centro-Sul,Viação Beta,05:45,05:38,-7.0,39.0,3.8,Nenhuma,True,False
2026-02-21,Manhã,R08,Norte,Viação Beta,05:45,05:46,1.0,41.0,3.8,Nenhuma,True,False
2026-02-21,Tarde,R01,Norte,Viação Alfa,13:45,13:53,8.0,36.0,17.9,Nenhuma,False,False
2026-02-21,Tarde,R02,Norte,Viação Alfa,13:45,13:45,0.0,36.0,17.9,Nenhuma,True,False
2026-02-21,Tarde,R03,Leste,Viação Beta,13:45,13:45,0.0,38.0,17.9,Nenhuma,True,False
2026-02-21,Tarde,R04,Sul,Viação Alfa,13:45,13:51,6.0,41.0,17.9,Nenhuma,False,False
2026-02-21,Tarde,R05,Leste,Viação Beta,13:45,13:50,5.0,40.0,17.9,Nenhuma,True,False
2026-02-21,Tarde,R06,Oeste,Viação Alfa,13:45,13:50,5.0,32.0,17.9,Nenhuma,True,False
2026-02-21,Tarde,R07,Centro-Sul,Viação Beta,13:45,13:53,8.0,42.0,17.9,Nenhuma,False,False
2026-02-21,Tarde,R08,Norte,Viação Beta,13:45,13:47,2.0,36.0,17.9,Nenhuma,True,False
2026-02-21,Noite,R01,Norte,Viação Alfa,21:45,21:48,3.0,31.0,17.7,Nenhuma,True,False
2026-02-21,Noite,R02,Norte,Viação Alfa,21:45,21:42,-3.0,28.0,17.7,Nenhuma,True,False
2026-02-21,Noite,R03,Leste,Viação Beta,21:45,21:50,5.0,38.0,17.7,Nenhuma,True,False
2026-02-21,Noite,R04,Sul,Viação Alfa,21:45,21:48,3.0,29.0,17.7,Nenhuma,True,False
2026-02-21,Noite,R05,Leste,Viação Beta,21:45,21:47,2.0,40.0,17.7,Nenhuma,True,False
2026-02-21,Noite,R06,Oeste,Viação Alfa,21:45,21:45,0.0,37.0,17.7,Nenhuma,True,False
2026-02-21,Noite,R07,Centro-Sul,Viação Beta,21:45,21:46,1.0,39.0,17.7,Nenhuma,True,False
2026-02-21,Noite,R08,Norte,Viação Beta,21:45,21:46,1.0,39.0,17.7,Nenhuma,True,False
2026-02-23,Manhã,R01,Norte,Viação Alfa,05:45,05:43,-2.0,39.0,11.5,Nenhuma,True,False
2026-02-23,Manhã,R02,Norte,Viação Alfa,05:45,05:41,-4.0,36.0,11.5,Nenhuma,True,False
2026-02-23,Manhã,R03,Leste,Viação Beta,05:45,05:45,0.0,38.0,11.5,Nenhuma,True,False
2026-02-23,Manhã,R04,Sul,Viação Alfa,05:45,05:47,2.0,37.0,11.5,Nenhuma,True,False
2026-02-23,Manhã,R05,Leste,Viação Beta,05:45,05:49,4.0,34.0,11.5,Nenhuma,True,False
2026-02-23,Manhã,R06,Oeste,Viação Alfa,05:45,05:48,3.0,44.0,11.5,Nenhuma,True,False
2026-02-23,Manhã,R07,Centro-Sul,Viação Beta,05:45,05:46,1.0,37.0,11.5,Nenhuma,True,False
2026-02-23,Manhã,R08,Norte,Viação Beta,05:45,05:46,1.0,43.0,11.5,Nenhuma,True,False
2026-02-23,Tarde,R01,Norte,Viação Alfa,13:45,13:39,-6.0,42.0,0.0,Nenhuma,True,False
2026-02-23,Tarde,R02,Norte,Viação Alfa,13:45,13:46,1.0,39.0,0.0,Nenhuma,True,False
2026-02-23,Tarde,R03,Leste,Viação Beta,13:45,13:43,-2.0,32.0,0.0,Nenhuma,True,False
2026-02-23,Tarde,R04,Sul,Viação Alfa,13:45,13:45,0.0,43.0,0.0,Nenhuma,True,False
2026-02-23,Tarde,R05,Leste,Viação Beta,13:45,13:45,0.0,38.0,0.0,Nenhuma,True,False
2026-02-23,Tarde,R06,Oeste,Viação Alfa,13:45,13:50,5.0,42.0,0.0,Nenhuma,True,False
2026-02-23,Tarde,R07,Centro-Sul,Viação Beta,13:45,13:41,-4.0,42.0,0.0,Nenhuma,True,False
2026-02-23,Tarde,R08,Norte,Viação Beta,13:45,13:45,0.0,37.0,0.0,Nenhuma,True,False
2026-02-23,Noite,R01,Norte,Viação Alfa,21:45,21:43,-2.0,38.0,2.5,Nenhuma,True,False
2026-02-23,Noite,R02,Norte,Viação Alfa,21:45,21:43,-2.0,40.0,2.5,Nenhuma,True,False
2026-02-23,Noite,R03,Leste,Viação Beta,21:45,21:45,0.0,37.0,2.5,Nenhuma,True,False
2026-02-23,Noite,R04,Sul,Viação Alfa,21:45,21:45,0.0,37.0,2.5,Nenhuma,True,False
2026-02-23,Noite,R05,Leste,Viação Beta,21:45,21:44,-1.0,32.0,2.5,Nenhuma,True,False
2026-02-23,Noite,R06,Oeste,Viação Alfa,21:45,21:44,-1.0,33.0,2.5,Nenhuma,True,False
2026-02-23,Noite,R07,Centro-Sul,Viação Beta,21:45,21:36,-9.0,40.0,2.5,Nenhuma,True,False
2026-02-23,Noite,R08,Norte,Viação Beta,21:45,21:46,1.0,37.0,2.5,Nenhuma,True,False
2026-02-24,Manhã,R01,Norte,Viação Alfa,05:45,05:59,14.0,36.0,6.4,Trânsito intenso,False,False
2026-02-24,Manhã,R02,Norte,Viação Alfa,05:45,06:03,18.0,38.0,6.4,Pneu furado,False,True
2026-02-24,Manhã,R03,Leste,Viação Beta,05:45,05:43,-2.0,41.0,6.4,Nenhuma,True,False
2026-02-24,Manhã,R04,Sul,Viação Alfa,05:45,05:44,-1.0,38.0,6.4,Nenhuma,True,False
2026-02-24,Manhã,R05,Leste,Viação Beta,05:45,05:43,-2.0,37.0,6.4,Nenhuma,True,False
2026-02-24,Manhã,R06,Oeste,Viação Alfa,05:45,05:42,-3.0,38.0,6.4,Nenhuma,True,False
2026-02-24,Manhã,R07,Centro-Sul,Viação Beta,05:45,05:45,0.0,35.0,6.4,Nenhuma,True,False
2026-02-24,Manhã,R08,Norte,Viação Beta,05:45,05:39,-6.0,44.0,6.4,Nenhuma,True,False
2026-02-24,Tarde,R01,Norte,Viação Alfa,13:45,13:53,8.0,39.0,31.0,Chuva forte,False,False
2026-02-24,Tarde,R02,Norte,Viação Alfa,13:45,13:50,5.0,42.0,31.0,Chuva forte,True,False
2026-02-24,Tarde,R03,Leste,Viação Beta,13:45,13:58,13.0,34.0,31.0,Chuva forte,False,False
2026-02-24,Tarde,R04,Sul,Viação Alfa,13:45,13:52,7.0,32.0,31.0,Chuva forte,False,False
2026-02-24,Tarde,R05,Leste,Viação Beta,13:45,13:53,8.0,44.0,31.0,Chuva forte,False,False
2026-02-24,Tarde,R06,Oeste,Viação Alfa,13:45,13:58,13.0,41.0,31.0,Chuva forte,False,False
2026-02-24,Tarde,R07,Centro-Sul,Viação Beta,13:45,13:54,9.0,32.0,31.0,Chuva forte,False,False
2026-02-24,Tarde,R08,Norte,Viação Beta,13:45,13:56,11.0,40.0,31.0,Chuva forte,False,False
2026-02-24,Noite,R01,Norte,Viação Alfa,21:45,21:39,-6.0,34.0,1.2,Nenhuma,True,False
2026-02-24,Noite,R02,Norte,Viação Alfa,21:45,21:41,-4.0,40.0,1.2,Nenhuma,True,False
2026-02-24,Noite,R03,Leste,Viação Beta,21:45,21:47,2.0,35.0,1.2,Nenhuma,True,False
2026-02-24,Noite,R04,Sul,Viação Alfa,21:45,21:43,-2.0,38.0,1.2,Nenhuma,True,False
2026-02-24,Noite,R05,Leste,Viação Beta,21:45,21:38,-7.0,30.0,1.2,Nenhuma,True,False
2026-02-24,Noite,R06,Oeste,Viação Alfa,21:45,21:42,-3.0,38.0,1.2,Nenhuma,True,False
2026-02-24,Noite,R07,Centro-Sul,Viação Beta,21:45,21:43,-2.0,33.0,1.2,Nenhuma,True,False
2026-02-24,Noite,R08,Norte,Viação Beta,21:45,21:44,-1.0,37.0,1.2,Nenhuma,True,False
2026-02-25,Manhã,R01,Norte,Viação Alfa,05:45,05:42,-3.0,39.0,0.4,Nenhuma,True,False
2026-02-25,Manhã,R02,Norte,Viação Alfa,05:45,05:37,-8.0,26.0,0.4,Nenhuma,True,False
2026-02-25,Manhã,R03,Leste,Viação Beta,05:45,05:40,-5.0,33.0,0.4,Nenhuma,True,False
2026-02-25,Manhã,R04,Sul,Viação Alfa,05:45,05:46,1.0,38.0,0.4,Nenhuma,True,False
2026-02-25,Manhã,R05,Leste,Viação Beta,05:45,05:45,0.0,44.0,0.4,Nenhuma,True,False
2026-02-25,Manhã,R06,Oeste,Viação Alfa,05:45,05:43,-2.0,40.0,0.4,Nenhuma,True,False
2026-02-25,Manhã,R07,Centro-Sul,Viação Beta,05:45,05:41,-4.0,39.0,0.4,Nenhuma,True,False
2026-02-25,Manhã,R08,Norte,Viação Beta,05:45,05:58,13.0,35.0,0.4,Trânsito intenso,False,False
2026-02-25,Tarde,R01,Norte,Viação Alfa,13:45,13:49,4.0,37.0,15.1,Nenhuma,True,False
2026-02-25,Tarde,R02,Norte,Viação Alfa,13:45,13:43,-2.0,40.0,15.1,Nenhuma,True,False
2026-02-25,Tarde,R03,Leste,Viação Beta,13:45,13:51,6.0,32.0,15.1,Nenhuma,False,False
2026-02-25,Tarde,R04,Sul,Viação Alfa,13:45,13:44,-1.0,39.0,15.1,Nenhuma,True,False
2026-02-25,Tarde,R05,Leste,Viação Beta,13:45,13:50,5.0,25.0,15.1,Nenhuma,True,False
2026-02-25,Tarde,R06,Oeste,Viação Alfa,13:45,13:48,3.0,39.0,15.1,Nenhuma,True,False
2026-02-25,Tarde,R07,Centro-Sul,Viação Beta,13:45,13:48,3.0,34.0,15.1,Nenhuma,True,False
2026-02-25,Tarde,R08,Norte,Viação Beta,13:45,13:45,0.0,36.0,15.1,Nenhuma,True,False
2026-02-25,Noite,R01,Norte,Viação Alfa,21:45,21:41,-4.0,38.0,2.3,Nenhuma,True,False
2026-02-25,Noite,R02,Norte,Viação Alfa,21:45,21:40,-5.0,44.0,2.3,Nenhuma,True,False
2026-02-25,Noite,R03,Leste,Viação Beta,21:45,21:41,-4.0,40.0,2.3,Nenhuma,True,False
2026-02-25,Noite,R04,Sul,Viação Alfa,21:45,21:35,-10.0,38.0,2.3,Nenhuma,True,False
2026-02-25,Noite,R05,Leste,Viação Beta,21:45,21:40,-5.0,43.0,2.3,Nenhuma,True,False
2026-02-25,Noite,R06,Oeste,Viação Alfa,21:45,21:43,-2.0,41.0,2.3,Nenhuma,True,False
2026-02-25,Noite,R07,Centro-Sul,Viação Beta,21:45,21:41,-4.0,44.0,2.3,Nenhuma,True,False
2026-02-25,Noite,R08,Norte,Viação Beta,21:45,21:42,-3.0,39.0,2.3,Nenhuma,True,False
2026-02-26,Manhã,R01,Norte,Viação Alfa,05:45,05:40,-5.0,34.0,0.0,Nenhuma,True,False
2026-02-26,Manhã,R02,Norte,Viação Alfa,05:45,05:41,-4.0,36.0,0.0,Nenhuma,True,False
2026-02-26,Manhã,R03,Leste,Viação Beta,05:45,05:39,-6.0,44.0,0.0,Nenhuma,True,False
2026-02-26,Manhã,R04,Sul,Viação Alfa,05:45,05:42,-3.0,39.0,0.0,Nenhuma,True,False
2026-02-26,Manhã,R05,Leste,Viação Beta,05:45,05:38,-7.0,40.0,0.0,Nenhuma,True,False
2026-02-26,Manhã,R06,Oeste,Viação Alfa,05:45,05:39,-6.0,30.0,0.0,Nenhuma,True,False
2026-02-26,Manhã,R07,Centro-Sul,Viação Beta,05:45,05:45,0.0,35.0,0.0,Nenhuma,True,False
2026-02-26,Manhã,R08,Norte,Viação Beta,05:45,05:41,-4.0,44.0,0.0,Nenhuma,True,False
2026-02-26,Tarde,R01,Norte,Viação Alfa,13:45,13:35,-10.0,36.0,0.0,Nenhuma,True,False
2026-02-26,Tarde,R02,Norte,Viação Alfa,13:45,13:43,-2.0,41.0,0.0,Nenhuma,True,False
2026-02-26,Tarde,R03,Leste,Viação Beta,13:45,13:48,3.0,30.0,0.0,Nenhuma,True,False
2026-02-26,Tarde,R04,Sul,Viação Alfa,13:45,13:39,-6.0,43.0,0.0,Nenhuma,True,False
2026-02-26,Tarde,R05,Leste,Viação Beta,13:45,13:40,-5.0,36.0,0.0,Nenhuma,True,False
2026-02-26,Tarde,R06,Oeste,Viação Alfa,13:45,13:45,0.0,42.0,0.0,Nenhuma,True,False
2026-02-26,Tarde,R07,Centro-Sul,Viação Beta,13:45,13:45,0.0,39.0,0.0,Nenhuma,True,False
2026-02-26,Tarde,R08,Norte,Viação Beta,13:45,13:55,10.0,36.0,0.0,Trânsito intenso,False,False
2026-02-26,Noite,R01,Norte,Viação Alfa,21:45,21:48,3.0,44.0,16.6,Nenhuma,True,False
2026-02-26,Noite,R02,Norte,Viação Alfa,21:45,21:42,-3.0,37.0,16.6,Nenhuma,True,False
2026-02-26,Noite,R03,Leste,Viação Beta,21:45,21:42,-3.0,33.0,16.6,Nenhuma,True,False
2026-02-26,Noite,R04,Sul,Viação Alfa,21:45,21:48,3.0,34.0,16.6,Nenhuma,True,False
2026-02-26,Noite,R05,Leste,Viação Beta,21:45,21:41,-4.0,38.0,16.6,Nenhuma,True,False
2026-02-26,Noite,R06,Oeste,Viação Alfa,21:45,21:43,-2.0,44.0,16.6,Nenhuma,True,False
2026-02-26,Noite,R07,Centro-Sul,Viação Beta,21:45,21:44,-1.0,38.0,16.6,Nenhuma,True,False
2026-02-26,Noite,R08,Norte,Viação Beta,21:45,21:47,2.0,41.0,16.6,Nenhuma,True,False
2026-02-27,Manhã,R01,Norte,Viação Alfa,05:45,05:41,-4.0,34.0,1.9,Nenhuma,True,False
2026-02-27,Manhã,R02,Norte,Viação Alfa,05:45,05:38,-7.0,44.0,1.9,Nenhuma,True,False
2026-02-27,Manhã,R03,Leste,Viação Beta,05:45,05:37,-8.0,31.0,1.9,Nenhuma,True,False
2026-02-27,Manhã,R04,Sul,Viação Alfa,05:45,05:48,3.0,35.0,1.9,Nenhuma,True,False
2026-02-27,Manhã,R05,Leste,Viação Beta,05:45,05:47,2.0,30.0,1.9,Nenhuma,True,False
2026-02-27,Manhã,R06,Oeste,Viação Alfa,05:45,05:42,-3.0,36.0,1.9,Nenhuma,True,False
2026-02-27,Manhã,R07,Centro-Sul,Viação Beta,05:45,05:40,-5.0,38.0,1.9,Nenhuma,True,False
2026-02-27,Manhã,R08,Norte,Viação Beta,05:45,05:42,-3.0,35.0,1.9,Nenhuma,True,False
2026-02-27,Tarde,R01,Norte,Viação Alfa,13:45,13:42,-3.0,43.0,4.4,Nenhuma,True,False
2026-02-27,Tarde,R02,Norte,Viação Alfa,13:45,13:45,0.0,40.0,4.4,Nenhuma,True,False
2026-02-27,Tarde,R03,Leste,Viação Beta,13:45,13:47,2.0,32.0,4.4,Nenhuma,True,False
2026-02-27,Tarde,R04,Sul,Viação Alfa,13:45,13:45,0.0,44.0,4.4,Nenhuma,True,False
2026-02-27,Tarde,R05,Leste,Viação Beta,13:45,13:41,-4.0,39.0,4.4,Nenhuma,True,False
2026-02-27,Tarde,R06,Oeste,Viação Alfa,13:45,13:44,-1.0,41.0,4.4,Nenhuma,True,False
2026-02-27,Tarde,R07,Centro-Sul,Viação Beta,13:45,13:41,-4.0,36.0,4.4,Nenhuma,True,False
2026-02-27,Tarde,R08,Norte,Viação Beta,13:45,14:03,18.0,39.0,4.4,Trânsito intenso,False,True
2026-02-27,Noite,R01,Norte,Viação Alfa,21:45,21:47,2.0,42.0,0.0,Nenhuma,True,False
2026-02-27,Noite,R02,Norte,Viação Alfa,21:45,21:35,-10.0,37.0,0.0,Nenhuma,True,False
2026-02-27,Noite,R03,Leste,Viação Beta,21:45,21:47,2.0,42.0,0.0,Nenhuma,True,False
2026-02-27,Noite,R04,Sul,Viação Alfa,21:45,21:38,-7.0,37.0,0.0,Nenhuma,True,False
2026-02-27,Noite,R05,Leste,Viação Beta,21:45,21:40,-5.0,35.0,0.0,Nenhuma,True,False
2026-02-27,Noite,R06,Oeste,Viação Alfa,21:45,21:39,-6.0,35.0,0.0,Nenhuma,True,False
2026-02-27,Noite,R07,Centro-Sul,Viação Beta,21:45,21:41,-4.0,36.0,0.0,Nenhuma,True,False
2026-02-27,Noite,R08,Norte,Viação Beta,21:45,21:45,0.0,27.0,0.0,Nenhuma,True,False
2026-02-28,Manhã,R01,Norte,Viação Alfa,05:45,05:48,3.0,38.0,19.3,Nenhuma,True,False
2026-02-28,Manhã,R02,Norte,Viação Alfa,05:45,05:51,6.0,37.0,19.3,Nenhuma,False,False
2026-02-28,Manhã,R03,Leste,Viação Beta,05:45,05:48,3.0,38.0,19.3,Nenhuma,True,False
2026-02-28,Manhã,R04,Sul,Viação Alfa,05:45,05:47,2.0,37.0,19.3,Nenhuma,True,False
2026-02-28,Manhã,R05,Leste,Viação Beta,05:45,05:43,-2.0,32.0,19.3,Nenhuma,True,False
2026-02-28,Manhã,R06,Oeste,Viação Alfa,05:45,05:42,-3.0,40.0,19.3,Nenhuma,True,False
2026-02-28,Manhã,R07,Centro-Sul,Viação Beta,05:45,05:46,1.0,37.0,19.3,Nenhuma,True,False
2026-02-28,Manhã,R08,Norte,Viação Beta,05:45,05:49,4.0,37.0,19.3,Nenhuma,True,False
2026-02-28,Tarde,R01,Norte,Viação Alfa,13:45,13:46,1.0,33.0,4.6,Nenhuma,True,False
2026-02-28,Tarde,R02,Norte,Viação Alfa,13:45,13:47,2.0,30.0,4.6,Nenhuma,True,False
2026-02-28,Tarde,R03,Leste,Viação Beta,13:45,13:46,1.0,37.0,4.6,Nenhuma,True,False
2026-02-28,Tarde,R04,Sul,Viação Alfa,13:45,13:43,-2.0,35.0,4.6,Nenhuma,True,False
2026-02-28,Tarde,R05,Leste,Viação Beta,13:45,13:42,-3.0,41.0,4.6,Nenhuma,True,False
2026-02-28,Tarde,R06,Oeste,Viação Alfa,13:45,13:40,-5.0,40.0,4.6,Nenhuma,True,False
2026-02-28,Tarde,R07,Centro-Sul,Viação Beta,13:45,13:45,0.0,41.0,4.6,Nenhuma,True,False
2026-02-28,Tarde,R08,Norte,Viação Beta,13:45,13:42,-3.0,38.0,4.6,Nenhuma,True,False
2026-02-28,Noite,R01,Norte,Viação Alfa,21:45,21:49,4.0,31.0,14.9,Nenhuma,True,False
2026-02-28,Noite,R02,Norte,Viação Alfa,21:45,21:41,-4.0,38.0,14.9,Nenhuma,True,False
2026-02-28,Noite,R03,Leste,Viação Beta,21:45,21:48,3.0,41.0,14.9,Nenhuma,True,False
2026-02-28,Noite,R04,Sul,Viação Alfa,21:45,21:46,1.0,38.0,14.9,Nenhuma,True,False
2026-02-28,Noite,R05,Leste,Viação Beta,21:45,21:47,2.0,39.0,14.9,Nenhuma,True,False
2026-02-28,Noite,R06,Oeste,Viação Alfa,21:45,21:45,0.0,42.0,14.9,Nenhuma,True,False
2026-02-28,Noite,R07,Centro-Sul,Viação Beta,21:45,21:44,-1.0,31.0,14.9,Nenhuma,True,False
2026-02-28,Noite,R08,Norte,Viação Beta,21:45,21:49,4.0,38.0,14.9,Nenhuma,True,False
2026-03-02,Manhã,R01,Norte,Viação Alfa,05:45,05:42,-3.0,37.0,8.7,Nenhuma,True,False
2026-03-02,Manhã,R02,Norte,Viação Alfa,05:45,05:47,2.0,36.0,8.7,Nenhuma,True,False
2026-03-02,Manhã,R03,Leste,Viação Beta,05:45,05:50,5.0,31.0,8.7,Nenhuma,True,False
2026-03-02,Manhã,R04,Sul,Viação Alfa,05:45,05:42,-3.0,34.0,8.7,Nenhuma,True,False
2026-03-02,Manhã,R05,Leste,Viação Beta,05:45,05:39,-6.0,37.0,8.7,Nenhuma,True,False
2026-03-02,Manhã,R06,Oeste,Viação Alfa,05:45,05:43,-2.0,40.0,8.7,Nenhuma,True,False
2026-03-02,Manhã,R07,Centro-Sul,Viação Beta,05:45,05:45,0.0,41.0,8.7,Nenhuma,True,False
2026-03-02,Manhã,R08,Norte,Viação Beta,05:45,06:01,16.0,31.0,8.7,Pneu furado,False,True
2026-03-02,Tarde,R01,Norte,Viação Alfa,13:45,13:41,-4.0,34.0,7.1,Nenhuma,True,False
2026-03-02,Tarde,R02,Norte,Viação Alfa,13:45,13:42,-3.0,34.0,7.1,Nenhuma,True,False
2026-03-02,Tarde,R03,Leste,Viação Beta,13:45,13:44,-1.0,36.0,7.1,Nenhuma,True,False
2026-03-02,Tarde,R04,Sul,Viação Alfa,13:45,13:47,2.0,35.0,7.1,Nenhuma,True,False
2026-03-02,Tarde,R05,Leste,Viação Beta,13:45,13:48,3.0,44.0,7.1,Nenhuma,True,False
2026-03-02,Tarde,R06,Oeste,Viação Alfa,13:45,13:47,2.0,36.0,7.1,Nenhuma,True,False
2026-03-02,Tarde,R07,Centro-Sul,Viação Beta,13:45,13:39,-6.0,35.0,7.1,Nenhuma,True,False
2026-03-02,Tarde,R08,Norte,Viação Beta,13:45,13:44,-1.0,39.0,7.1,Nenhuma,True,False
2026-03-02,Noite,R01,Norte,Viação Alfa,21:45,21:42,-3.0,37.0,0.0,Nenhuma,True,False
2026-03-02,Noite,R02,Norte,Viação Alfa,21:45,21:42,-3.0,36.0,0.0,Nenhuma,True,False
2026-03-02,Noite,R03,Leste,Viação Beta,21:45,21:41,-4.0,35.0,0.0,Nenhuma,True,False
2026-03-02,Noite,R04,Sul,Viação Alfa,21:45,21:39,-6.0,34.0,0.0,Nenhuma,True,False
2026-03-02,Noite,R05,Leste,Viação Beta,21:45,21:40,-5.0,44.0,0.0,Nenhuma,True,False
2026-03-02,Noite,R06,Oeste,Viação Alfa,21:45,21:38,-7.0,34.0,0.0,Nenhuma,True,False
2026-03-02,Noite,R07,Centro-Sul,Viação Beta,21:45,21:41,-4.0,41.0,0.0,Nenhuma,True,False
2026-03-02,Noite,R08,Norte,Viação Beta,21:45,21:36,-9.0,41.0,0.0,Nenhuma,True,False
2026-03-03,Manhã,R01,Norte,Viação Alfa,05:45,05:45,0.0,39.0,,Nenhuma,True,False
2026-03-03,Manhã,R02,Norte,Viação Alfa,05:45,05:36,-9.0,37.0,,Nenhuma,True,False
2026-03-03,Manhã,R03,Leste,Viação Beta,05:45,05:46,1.0,35.0,,Nenhuma,True,False
2026-03-03,Manhã,R04,Sul,Viação Alfa,05:45,05:38,-7.0,37.0,,Nenhuma,True,False
2026-03-03,Manhã,R05,Leste,Viação Beta,05:45,05:46,1.0,36.0,,Nenhuma,True,False
2026-03-03,Manhã,R06,Oeste,Viação Alfa,05:45,05:43,-2.0,36.0,,Nenhuma,True,False
2026-03-03,Manhã,R07,Centro-Sul,Viação Beta,05:45,05:43,-2.0,33.0,,Nenhuma,True,False
2026-03-03,Manhã,R08,Norte,Viação Beta,05:45,05:38,-7.0,39.0,,Nenhuma,True,False
2026-03-03,Tarde,R01,Norte,Viação Alfa,13:45,13:40,-5.0,35.0,,Nenhuma,True,False
2026-03-03,Tarde,R02,Norte,Viação Alfa,13:45,13:40,-5.0,29.0,,Nenhuma,True,False
2026-03-03,Tarde,R03,Leste,Viação Beta,13:45,13:40,-5.0,41.0,,Nenhuma,True,False
2026-03-03,Tarde,R04,Sul,Viação Alfa,13:45,13:41,-4.0,41.0,,Nenhuma,True,False
2026-03-03,Tarde,R05,Leste,Viação Beta,13:45,13:43,-2.0,29.0,,Nenhuma,True,False
2026-03-03,Tarde,R06,Oeste,Viação Alfa,13:45,13:37,-8.0,33.0,,Nenhuma,True,False
2026-03-03,Tarde,R07,Centro-Sul,Viação Beta,13:45,13:42,-3.0,38.0,,Nenhuma,True,False
2026-03-03,Tarde,R08,Norte,Viação Beta,13:45,13:44,-1.0,38.0,,Nenhuma,True,False
2026-03-03,Noite,R01,Norte,Viação Alfa,21:45,21:51,6.0,39.0,,Chuva forte,False,False
2026-03-03,Noite,R02,Norte,Viação Alfa,21:45,21:56,11.0,38.0,,Chuva forte,False,False
2026-03-03,Noite,R03,Leste,Viação Beta,21:45,21:55,10.0,40.0,,Chuva forte,False,False
2026-03-03,Noite,R04,Sul,Viação Alfa,21:45,22:00,15.0,31.0,,Chuva forte,False,False
2026-03-03,Noite,R05,Leste,Viação Beta,21:45,21:52,7.0,41.0,,Chuva forte,False,False
2026-03-03,Noite,R06,Oeste,Viação Alfa,21:45,21:52,7.0,35.0,,Chuva forte,False,False
2026-03-03,Noite,R07,Centro-Sul,Viação Beta,21:45,21:57,12.0,36.0,,Chuva forte,False,False
2026-03-03,Noite,R08,Norte,Viação Beta,21:45,21:55,10.0,33.0,,Chuva forte,False,False
2026-03-04,Manhã,R01,Norte,Viação Alfa,05:45,05:44,-1.0,39.0,15.6,Nenhuma,True,False
2026-03-04,Manhã,R02,Norte,Viação Alfa,05:45,05:49,4.0,37.0,15.6,Nenhuma,True,False
2026-03-04,Manhã,R03,Leste,Viação Beta,05:45,06:10,25.0,34.0,15.6,Pane mecânica,False,True
2026-03-04,Manhã,R04,Sul,Viação Alfa,05:45,05:47,2.0,33.0,15.6,Nenhuma,True,False
2026-03-04,Manhã,R05,Leste,Viação Beta,05:45,05:47,2.0,42.0,15.6,Nenhuma,True,False
2026-03-04,Manhã,R06,Oeste,Viação Alfa,05:45,05:48,3.0,40.0,15.6,Nenhuma,True,False
2026-03-04,Manhã,R07,Centro-Sul,Viação Beta,05:45,05:48,3.0,39.0,15.6,Nenhuma,True,False
2026-03-04,Manhã,R08,Norte,Viação Beta,05:45,05:48,3.0,36.0,15.6,Nenhuma,True,False
2026-03-04,Tarde,R01,Norte,Viação Alfa,13:45,13:38,-7.0,39.0,0.0,Nenhuma,True,False
2026-03-04,Tarde,R02,Norte,Viação Alfa,13:45,13:42,-3.0,39.0,0.0,Nenhuma,True,False
2026-03-04,Tarde,R03,Leste,Viação Beta,13:45,13:39,-6.0,41.0,0.0,Nenhuma,True,False
2026-03-04,Tarde,R04,Sul,Viação Alfa,13:45,13:45,0.0,37.0,0.0,Nenhuma,True,False
2026-03-04,Tarde,R05,Leste,Viação Beta,13:45,13:40,-5.0,40.0,0.0,Nenhuma,True,False
2026-03-04,Tarde,R06,Oeste,Viação Alfa,13:45,13:39,-6.0,35.0,0.0,Nenhuma,True,False
2026-03-04,Tarde,R07,Centro-Sul,Viação Beta,13:45,13:39,-6.0,38.0,0.0,Nenhuma,True,False
2026-03-04,Tarde,R08,Norte,Viação Beta,13:45,13:42,-3.0,34.0,0.0,Nenhuma,True,False
2026-03-04,Noite,R01,Norte,Viação Alfa,21:45,21:44,-1.0,39.0,5.9,Nenhuma,True,False
2026-03-04,Noite,R02,Norte,Viação Alfa,21:45,21:39,-6.0,41.0,5.9,Nenhuma,True,False
2026-03-04,Noite,R03,Leste,Viação Beta,21:45,21:49,4.0,41.0,5.9,Nenhuma,True,False
2026-03-04,Noite,R04,Sul,Viação Alfa,21:45,21:44,-1.0,31.0,5.9,Nenhuma,True,False
2026-03-04,Noite,R05,Leste,Viação Beta,21:45,21:47,2.0,34.0,5.9,Nenhuma,True,False
2026-03-04,Noite,R06,Oeste,Viação Alfa,21:45,21:38,-7.0,41.0,5.9,Nenhuma,True,False
2026-03-04,Noite,R07,Centro-Sul,Viação Beta,21:45,21:42,-3.0,41.0,5.9,Nenhuma,True,False
2026-03-04,Noite,R08,Norte,Viação Beta,21:45,21:40,-5.0,42.0,5.9,Nenhuma,True,False
2026-03-05,Manhã,R01,Norte,Viação Alfa,05:45,05:43,-2.0,33.0,,Nenhuma,True,False
2026-03-05,Manhã,R02,Norte,Viação Alfa,05:45,05:47,2.0,38.0,,Nenhuma,True,False
2026-03-05,Manhã,R03,Leste,Viação Beta,05:45,05:45,0.0,43.0,,Nenhuma,True,False
2026-03-05,Manhã,R04,Sul,Viação Alfa,05:45,17:46,,43.0,,Nenhuma,,
2026-03-05,Manhã,R05,Leste,Viação Beta,05:45,05:48,3.0,44.0,,Nenhuma,True,False
2026-03-05,Manhã,R06,Oeste,Viação Alfa,05:45,05:43,-2.0,37.0,,Nenhuma,True,False
2026-03-05,Manhã,R07,Centro-Sul,Viação Beta,05:45,05:51,6.0,40.0,,Nenhuma,False,False
2026-03-05,Manhã,R08,Norte,Viação Beta,05:45,05:40,-5.0,43.0,,Nenhuma,True,False
2026-03-05,Tarde,R01,Norte,Viação Alfa,13:45,13:41,-4.0,44.0,,Nenhuma,True,False
2026-03-05,Tarde,R02,Norte,Viação Alfa,13:45,13:40,-5.0,32.0,,Nenhuma,True,False
2026-03-05,Tarde,R03,Leste,Viação Beta,13:45,13:45,0.0,37.0,,Nenhuma,True,False
2026-03-05,Tarde,R04,Sul,Viação Alfa,13:45,13:42,-3.0,39.0,,Nenhuma,True,False
2026-03-05,Tarde,R05,Leste,Viação Beta,13:45,13:42,-3.0,34.0,,Nenhuma,True,False
2026-03-05,Tarde,R06,Oeste,Viação Alfa,13:45,13:51,6.0,38.0,,Nenhuma,False,False
2026-03-05,Tarde,R07,Centro-Sul,Viação Beta,13:45,13:42,-3.0,42.0,,Nenhuma,True,False
2026-03-05,Tarde,R08,Norte,Viação Beta,13:45,13:47,2.0,38.0,,Nenhuma,True,False
2026-03-05,Noite,R01,Norte,Viação Alfa,21:45,21:43,-2.0,36.0,,Nenhuma,True,False
2026-03-05,Noite,R02,Norte,Viação Alfa,21:45,21:46,1.0,42.0,,Nenhuma,True,False
2026-03-05,Noite,R03,Leste,Viação Beta,21:45,21:47,2.0,35.0,,Nenhuma,True,False
2026-03-05,Noite,R04,Sul,Viação Alfa,21:45,21:46,1.0,40.0,,Nenhuma,True,False
2026-03-05,Noite,R05,Leste,Viação Beta,21:45,21:42,-3.0,38.0,,Nenhuma,True,False
2026-03-05,Noite,R06,Oeste,Viação Alfa,21:45,21:47,2.0,44.0,,Nenhuma,True,False
2026-03-05,Noite,R07,Centro-Sul,Viação Beta,21:45,21:40,-5.0,42.0,,Nenhuma,True,False
2026-03-05,Noite,R08,Norte,Viação Beta,21:45,21:39,-6.0,34.0,,Nenhuma,True,False
2026-03-06,Manhã,R01,Norte,Viação Alfa,05:45,05:38,-7.0,36.0,0.0,Nenhuma,True,False
2026-03-06,Manhã,R02,Norte,Viação Alfa,05:45,05:42,-3.0,41.0,0.0,Nenhuma,True,False
2026-03-06,Manhã,R03,Leste,Viação Beta,05:45,05:38,-7.0,38.0,0.0,Nenhuma,True,False
2026-03-06,Manhã,R04,Sul,Viação Alfa,05:45,05:39,-6.0,44.0,0.0,Nenhuma,True,False
2026-03-06,Manhã,R05,Leste,Viação Beta,05:45,05:44,-1.0,37.0,0.0,Nenhuma,True,False
2026-03-06,Manhã,R06,Oeste,Viação Alfa,05:45,05:44,-1.0,40.0,0.0,Nenhuma,True,False
2026-03-06,Manhã,R07,Centro-Sul,Viação Beta,05:45,05:47,2.0,44.0,0.0,Nenhuma,True,False
2026-03-06,Manhã,R08,Norte,Viação Beta,05:45,05:42,-3.0,37.0,0.0,Nenhuma,True,False
2026-03-06,Tarde,R01,Norte,Viação Alfa,13:45,13:40,-5.0,36.0,4.0,Nenhuma,True,False
2026-03-06,Tarde,R02,Norte,Viação Alfa,13:45,13:47,2.0,36.0,4.0,Nenhuma,True,False
2026-03-06,Tarde,R03,Leste,Viação Beta,13:45,13:40,-5.0,33.0,4.0,Nenhuma,True,False
2026-03-06,Tarde,R04,Sul,Viação Alfa,13:45,13:41,-4.0,39.0,4.0,Nenhuma,True,False
2026-03-06,Tarde,R05,Leste,Viação Beta,13:45,13:43,-2.0,40.0,4.0,Nenhuma,True,False
2026-03-06,Tarde,R06,Oeste,Viação Alfa,13:45,13:47,2.0,40.0,4.0,Nenhuma,True,False
2026-03-06,Tarde,R07,Centro-Sul,Viação Beta,13:45,13:43,-2.0,44.0,4.0,Nenhuma,True,False
2026-03-06,Tarde,R08,Norte,Viação Beta,13:45,13:43,-2.0,42.0,4.0,Nenhuma,True,False
2026-03-06,Noite,R01,Norte,Viação Alfa,21:45,21:42,-3.0,39.0,0.0,Nenhuma,True,False
2026-03-06,Noite,R02,Norte,Viação Alfa,21:45,21:38,-7.0,44.0,0.0,Nenhuma,True,False
2026-03-06,Noite,R03,Leste,Viação Beta,21:45,21:39,-6.0,38.0,0.0,Nenhuma,True,False
2026-03-06,Noite,R04,Sul,Viação Alfa,21:45,21:41,-4.0,32.0,0.0,Nenhuma,True,False
2026-03-06,Noite,R05,Leste,Viação Beta,21:45,21:36,-9.0,41.0,0.0,Nenhuma,True,False
2026-03-06,Noite,R06,Oeste,Viação Alfa,21:45,21:39,-6.0,39.0,0.0,Nenhuma,True,False
2026-03-06,Noite,R07,Centro-Sul,Viação Beta,21:45,21:35,-10.0,34.0,0.0,Nenhuma,True,False
2026-03-06,Noite,R08,Norte,Viação Beta,21:45,21:40,-5.0,43.0,0.0,Nenhuma,True,False
2026-03-07,Manhã,R01,Norte,Viação Alfa,05:45,05:45,0.0,33.0,1.1,Nenhuma,True,False
2026-03-07,Manhã,R02,Norte,Viação Alfa,05:45,05:51,6.0,30.0,1.1,Nenhuma,False,False
2026-03-07,Manhã,R03,Leste,Viação Beta,05:45,05:42,-3.0,39.0,1.1,Nenhuma,True,False
2026-03-07,Manhã,R04,Sul,Viação Alfa,05:45,05:43,-2.0,41.0,1.1,Nenhuma,True,False
2026-03-07,Manhã,R05,Leste,Viação Beta,05:45,05:44,-1.0,37.0,1.1,Nenhuma,True,False
2026-03-07,Manhã,R06,Oeste,Viação Alfa,05:45,05:41,-4.0,35.0,1.1,Nenhuma,True,False
2026-03-07,Manhã,R07,Centro-Sul,Viação Beta,05:45,05:41,-4.0,35.0,1.1,Nenhuma,True,False
2026-03-07,Manhã,R08,Norte,Viação Beta,05:45,05:40,-5.0,42.0,1.1,Nenhuma,True,False
2026-03-07,Tarde,R01,Norte,Viação Alfa,13:45,13:41,-4.0,35.0,0.0,Nenhuma,True,False
2026-03-07,Tarde,R02,Norte,Viação Alfa,13:45,13:40,-5.0,40.0,0.0,Nenhuma,True,False
2026-03-07,Tarde,R03,Leste,Viação Beta,13:45,13:47,2.0,33.0,0.0,Nenhuma,True,False
2026-03-07,Tarde,R04,Sul,Viação Alfa,13:45,13:45,0.0,38.0,0.0,Nenhuma,True,False
2026-03-07,Tarde,R05,Leste,Viação Beta,13:45,13:40,-5.0,38.0,0.0,Nenhuma,True,False
2026-03-07,Tarde,R06,Oeste,Viação Alfa,13:45,13:39,-6.0,35.0,0.0,Nenhuma,True,False
2026-03-07,Tarde,R07,Centro-Sul,Viação Beta,13:45,13:42,-3.0,40.0,0.0,Nenhuma,True,False
2026-03-07,Tarde,R08,Norte,Viação Beta,13:45,13:39,-6.0,37.0,0.0,Nenhuma,True,False
2026-03-07,Noite,R01,Norte,Viação Alfa,21:45,21:47,2.0,41.0,17.5,Nenhuma,True,False
2026-03-07,Noite,R02,Norte,Viação Alfa,21:45,21:44,-1.0,44.0,17.5,Nenhuma,True,False
2026-03-07,Noite,R03,Leste,Viação Beta,21:45,21:43,-2.0,36.0,17.5,Nenhuma,True,False
2026-03-07,Noite,R04,Sul,Viação Alfa,21:45,21:42,-3.0,39.0,17.5,Nenhuma,True,False
2026-03-07,Noite,R05,Leste,Viação Beta,21:45,21:51,6.0,35.0,17.5,Nenhuma,False,False
2026-03-07,Noite,R06,Oeste,Viação Alfa,21:45,21:36,-9.0,36.0,17.5,Nenhuma,True,False
2026-03-07,Noite,R07,Centro-Sul,Viação Beta,21:45,21:45,0.0,31.0,17.5,Nenhuma,True,False
2026-03-07,Noite,R08,Norte,Viação Beta,21:45,21:46,1.0,39.0,17.5,Nenhuma,True,False
2026-03-09,Manhã,R01,Norte,Viação Alfa,05:45,06:34,49.0,44.0,32.2,Pane mecânica,False,True
2026-03-09,Manhã,R02,Norte,Viação Alfa,05:45,05:54,9.0,42.0,32.2,Chuva forte,False,False
2026-03-09,Manhã,R03,Leste,Viação Beta,05:45,05:51,6.0,31.0,32.2,Chuva forte,False,False
2026-03-09,Manhã,R04,Sul,Viação Alfa,05:45,05:52,7.0,39.0,32.2,Chuva forte,False,False
2026-03-09,Manhã,R05,Leste,Viação Beta,05:45,05:54,9.0,34.0,32.2,Chuva forte,False,False
2026-03-09,Manhã,R06,Oeste,Viação Alfa,05:45,05:48,3.0,32.0,32.2,Chuva forte,True,False
2026-03-09,Manhã,R07,Centro-Sul,Viação Beta,05:45,05:57,12.0,38.0,32.2,Chuva forte,False,False
2026-03-09,Manhã,R08,Norte,Viação Beta,05:45,05:54,9.0,41.0,32.2,Chuva forte,False,False
2026-03-09,Tarde,R01,Norte,Viação Alfa,13:45,13:41,-4.0,39.0,3.8,Nenhuma,True,False
2026-03-09,Tarde,R02,Norte,Viação Alfa,13:45,13:42,-3.0,42.0,3.8,Nenhuma,True,False
2026-03-09,Tarde,R03,Leste,Viação Beta,13:45,13:40,-5.0,37.0,3.8,Nenhuma,True,False
2026-03-09,Tarde,R04,Sul,Viação Alfa,13:45,13:48,3.0,35.0,3.8,Nenhuma,True,False
2026-03-09,Tarde,R05,Leste,Viação Beta,13:45,13:50,5.0,44.0,3.8,Trânsito intenso,True,False
2026-03-09,Tarde,R06,Oeste,Viação Alfa,13:45,13:46,1.0,37.0,3.8,Nenhuma,True,False
2026-03-09,Tarde,R07,Centro-Sul,Viação Beta,13:45,13:42,-3.0,37.0,3.8,Nenhuma,True,False
2026-03-09,Tarde,R08,Norte,Viação Beta,13:45,13:47,2.0,36.0,3.8,Nenhuma,True,False
2026-03-09,Noite,R01,Norte,Viação Alfa,21:45,22:00,15.0,44.0,36.9,Chuva forte,False,False
2026-03-09,Noite,R02,Norte,Viação Alfa,21:45,21:53,8.0,43.0,36.9,Chuva forte,False,False
2026-03-09,Noite,R03,Leste,Viação Beta,21:45,21:54,9.0,40.0,36.9,Chuva forte,False,False
2026-03-09,Noite,R04,Sul,Viação Alfa,21:45,21:50,5.0,38.0,36.9,Chuva forte,True,False
2026-03-09,Noite,R05,Leste,Viação Beta,21:45,21:48,3.0,38.0,36.9,Chuva forte,True,False
2026-03-09,Noite,R06,Oeste,Viação Alfa,21:45,22:12,27.0,44.0,36.9,Chuva forte,False,True
2026-03-09,Noite,R07,Centro-Sul,Viação Beta,21:45,22:11,26.0,37.0,36.9,Pneu furado,False,True
2026-03-09,Noite,R08,Norte,Viação Beta,21:45,21:49,4.0,34.0,36.9,Chuva forte,True,False
2026-03-10,Manhã,R01,Norte,Viação Alfa,05:45,05:43,-2.0,38.0,1.8,Nenhuma,True,False
2026-03-10,Manhã,R02,Norte,Viação Alfa,05:45,05:41,-4.0,38.0,1.8,Nenhuma,True,False
2026-03-10,Manhã,R03,Leste,Viação Beta,05:45,05:41,-4.0,38.0,1.8,Nenhuma,True,False
2026-03-10,Manhã,R04,Sul,Viação Alfa,05:45,05:42,-3.0,30.0,1.8,Nenhuma,True,False
2026-03-10,Manhã,R05,Leste,Viação Beta,05:45,05:42,-3.0,39.0,1.8,Nenhuma,True,False
2026-03-10,Manhã,R06,Oeste,Viação Alfa,05:45,05:41,-4.0,36.0,1.8,Nenhuma,True,False
2026-03-10,Manhã,R07,Centro-Sul,Viação Beta,05:45,05:40,-5.0,35.0,1.8,Nenhuma,True,False
2026-03-10,Manhã,R08,Norte,Viação Beta,05:45,05:38,-7.0,31.0,1.8,Nenhuma,True,False
2026-03-10,Tarde,R01,Norte,Viação Alfa,13:45,13:56,11.0,36.0,26.9,Chuva forte,False,False
2026-03-10,Tarde,R02,Norte,Viação Alfa,13:45,13:53,8.0,37.0,26.9,Chuva forte,False,False
2026-03-10,Tarde,R03,Leste,Viação Beta,13:45,13:53,8.0,31.0,26.9,Chuva forte,False,False
2026-03-10,Tarde,R04,Sul,Viação Alfa,13:45,13:55,10.0,36.0,26.9,Chuva forte,False,False
2026-03-10,Tarde,R05,Leste,Viação Beta,13:45,13:52,7.0,38.0,26.9,Chuva forte,False,False
2026-03-10,Tarde,R06,Oeste,Viação Alfa,13:45,13:52,7.0,41.0,26.9,Chuva forte,False,False
2026-03-10,Tarde,R07,Centro-Sul,Viação Beta,13:45,13:52,7.0,44.0,26.9,Chuva forte,False,False
2026-03-10,Tarde,R08,Norte,Viação Beta,13:45,13:49,4.0,39.0,26.9,Chuva forte,True,False
2026-03-10,Noite,R01,Norte,Viação Alfa,21:45,21:41,-4.0,32.0,12.3,Nenhuma,True,False
2026-03-10,Noite,R02,Norte,Viação Alfa,21:45,21:42,-3.0,40.0,12.3,Nenhuma,True,False
2026-03-10,Noite,R03,Leste,Viação Beta,21:45,21:40,-5.0,41.0,12.3,Nenhuma,True,False
2026-03-10,Noite,R04,Sul,Viação Alfa,21:45,21:51,6.0,44.0,12.3,Nenhuma,False,False
2026-03-10,Noite,R05,Leste,Viação Beta,21:45,21:50,5.0,42.0,12.3,Nenhuma,True,False
2026-03-10,Noite,R06,Oeste,Viação Alfa,21:45,21:44,-1.0,40.0,12.3,Nenhuma,True,False
2026-03-10,Noite,R07,Centro-Sul,Viação Beta,21:45,21:46,1.0,40.0,12.3,Nenhuma,True,False
2026-03-10,Noite,R08,Norte,Viação Beta,21:45,21:40,-5.0,41.0,12.3,Nenhuma,True,False
2026-03-11,Manhã,R01,Norte,Viação Alfa,05:45,05:40,-5.0,34.0,,Nenhuma,True,False
2026-03-11,Manhã,R02,Norte,Viação Alfa,05:45,05:42,-3.0,39.0,,Nenhuma,True,False
2026-03-11,Manhã,R03,Leste,Viação Beta,05:45,05:36,-9.0,41.0,,Nenhuma,True,False
2026-03-11,Manhã,R04,Sul,Viação Alfa,05:45,05:43,-2.0,31.0,,Nenhuma,True,False
2026-03-11,Manhã,R05,Leste,Viação Beta,05:45,05:41,-4.0,32.0,,Nenhuma,True,False
2026-03-11,Manhã,R06,Oeste,Viação Alfa,05:45,05:42,-3.0,34.0,,Nenhuma,True,False
2026-03-11,Manhã,R07,Centro-Sul,Viação Beta,05:45,05:43,-2.0,37.0,,Nenhuma,True,False
2026-03-11,Manhã,R08,Norte,Viação Beta,05:45,05:46,1.0,41.0,,Nenhuma,True,False
2026-03-11,Tarde,R01,Norte,Viação Alfa,13:45,13:43,-2.0,36.0,,Nenhuma,True,False
2026-03-11,Tarde,R02,Norte,Viação Alfa,13:45,13:40,-5.0,37.0,,Nenhuma,True,False
2026-03-11,Tarde,R03,Leste,Viação Beta,13:45,13:43,-2.0,42.0,,Nenhuma,True,False
2026-03-11,Tarde,R04,Sul,Viação Alfa,13:45,13:39,-6.0,39.0,,Nenhuma,True,False
2026-03-11,Tarde,R05,Leste,Viação Beta,13:45,13:40,-5.0,44.0,,Nenhuma,True,False
2026-03-11,Tarde,R06,Oeste,Viação Alfa,13:45,13:40,-5.0,35.0,,Nenhuma,True,False
2026-03-11,Tarde,R07,Centro-Sul,Viação Beta,13:45,13:41,-4.0,40.0,,Nenhuma,True,False
2026-03-11,Tarde,R08,Norte,Viação Beta,13:45,13:50,5.0,42.0,,Nenhuma,True,False
2026-03-11,Noite,R01,Norte,Viação Alfa,21:45,21:52,7.0,36.0,,Chuva forte,False,False
2026-03-11,Noite,R02,Norte,Viação Alfa,21:45,21:54,9.0,34.0,,Chuva forte,False,False
2026-03-11,Noite,R03,Leste,Viação Beta,21:45,21:49,4.0,34.0,,Chuva forte,True,False
2026-03-11,Noite,R04,Sul,Viação Alfa,21:45,21:53,8.0,31.0,,Chuva forte,False,False
2026-03-11,Noite,R05,Leste,Viação Beta,21:45,21:58,13.0,33.0,,Chuva forte,False,False
2026-03-11,Noite,R06,Oeste,Viação Alfa,21:45,22:00,15.0,32.0,,Chuva forte,False,False
2026-03-11,Noite,R07,Centro-Sul,Viação Beta,21:45,21:56,11.0,36.0,,Chuva forte,False,False
2026-03-11,Noite,R08,Norte,Viação Beta,21:45,21:54,9.0,32.0,,Chuva forte,False,False
2026-03-12,Manhã,R01,Norte,Viação Alfa,05:45,05:41,-4.0,38.0,0.0,Nenhuma,True,False
2026-03-12,Manhã,R02,Norte,Viação Alfa,05:45,05:45,0.0,42.0,0.0,Nenhuma,True,False
2026-03-12,Manhã,R03,Leste,Viação Beta,05:45,05:40,-5.0,39.0,0.0,Nenhuma,True,False
2026-03-12,Manhã,R04,Sul,Viação Alfa,05:45,05:43,-2.0,38.0,0.0,Nenhuma,True,False
2026-03-12,Manhã,R05,Leste,Viação Beta,05:45,05:38,-7.0,34.0,0.0,Nenhuma,True,False
2026-03-12,Manhã,R06,Oeste,Viação Alfa,05:45,05:41,-4.0,39.0,0.0,Nenhuma,True,False
2026-03-12,Manhã,R07,Centro-Sul,Viação Beta,05:45,05:42,-3.0,44.0,0.0,Nenhuma,True,False
2026-03-12,Manhã,R08,Norte,Viação Beta,05:45,05:41,-4.0,36.0,0.0,Nenhuma,True,False
2026-03-12,Tarde,R01,Norte,Viação Alfa,13:45,13:49,4.0,34.0,18.8,Nenhuma,True,False
2026-03-12,Tarde,R02,Norte,Viação Alfa,13:45,13:51,6.0,40.0,18.8,Nenhuma,False,False
2026-03-12,Tarde,R03,Leste,Viação Beta,13:45,13:45,0.0,42.0,18.8,Nenhuma,True,False
2026-03-12,Tarde,R04,Sul,Viação Alfa,13:45,13:50,5.0,30.0,18.8,Nenhuma,True,False
2026-03-12,Tarde,R05,Leste,Viação Beta,13:45,13:45,0.0,28.0,18.8,Nenhuma,True,False
2026-03-12,Tarde,R06,Oeste,Viação Alfa,13:45,14:22,37.0,37.0,18.8,Pane mecânica,False,True
2026-03-12,Tarde,R07,Centro-Sul,Viação Beta,13:45,13:52,7.0,37.0,18.8,Nenhuma,False,False
2026-03-12,Tarde,R08,Norte,Viação Beta,13:45,13:50,5.0,34.0,18.8,Nenhuma,True,False
2026-03-12,Noite,R01,Norte,Viação Alfa,21:45,21:42,-3.0,40.0,0.1,Nenhuma,True,False
2026-03-12,Noite,R02,Norte,Viação Alfa,21:45,21:41,-4.0,36.0,0.1,Nenhuma,True,False
2026-03-12,Noite,R03,Leste,Viação Beta,21:45,21:45,0.0,37.0,0.1,Nenhuma,True,False
2026-03-12,Noite,R04,Sul,Viação Alfa,21:45,21:40,-5.0,39.0,0.1,Nenhuma,True,False
2026-03-12,Noite,R05,Leste,Viação Beta,21:45,21:46,1.0,37.0,0.1,Nenhuma,True,False
2026-03-12,Noite,R06,Oeste,Viação Alfa,21:45,21:43,-2.0,44.0,0.1,Nenhuma,True,False
2026-03-12,Noite,R07,Centro-Sul,Viação Beta,21:45,21:43,-2.0,32.0,0.1,Nenhuma,True,False
2026-03-12,Noite,R08,Norte,Viação Beta,21:45,21:35,-10.0,43.0,0.1,Nenhuma,True,False
2026-03-13,Manhã,R01,Norte,Viação Alfa,05:45,05:49,4.0,40.0,17.7,Nenhuma,True,False
2026-03-13,Manhã,R02,Norte,Viação Alfa,05:45,05:38,-7.0,41.0,17.7,Nenhuma,True,False
2026-03-13,Manhã,R03,Leste,Viação Beta,05:45,05:46,1.0,37.0,17.7,Nenhuma,True,False
2026-03-13,Manhã,R04,Sul,Viação Alfa,05:45,06:04,19.0,37.0,17.7,Trânsito intenso,False,True
2026-03-13,Manhã,R05,Leste,Viação Beta,05:45,05:47,2.0,40.0,17.7,Nenhuma,True,False
2026-03-13,Manhã,R06,Oeste,Viação Alfa,05:45,05:54,9.0,39.0,17.7,Nenhuma,False,False
2026-03-13,Manhã,R07,Centro-Sul,Viação Beta,05:45,05:47,2.0,35.0,17.7,Nenhuma,True,False
2026-03-13,Manhã,R08,Norte,Viação Beta,05:45,05:49,4.0,39.0,17.7,Nenhuma,True,False
2026-03-13,Tarde,R01,Norte,Viação Alfa,13:45,14:05,20.0,33.0,58.3,Chuva forte,False,True
2026-03-13,Tarde,R02,Norte,Viação Alfa,13:45,14:44,59.0,35.0,58.3,Pane mecânica,False,True
2026-03-13,Tarde,R03,Leste,Viação Beta,13:45,14:00,15.0,37.0,58.3,Chuva forte,False,False
2026-03-13,Tarde,R04,Sul,Viação Alfa,13:45,14:01,16.0,40.0,58.3,Chuva forte,False,True
2026-03-13,Tarde,R05,Leste,Viação Beta,13:45,13:57,12.0,43.0,58.3,Chuva forte,False,False
2026-03-13,Tarde,R06,Oeste,Viação Alfa,13:45,14:00,15.0,39.0,58.3,Chuva forte,False,False
2026-03-13,Tarde,R07,Centro-Sul,Viação Beta,13:45,14:01,16.0,37.0,58.3,Chuva forte,False,True
2026-03-13,Tarde,R08,Norte,Viação Beta,13:45,14:00,15.0,37.0,58.3,Chuva forte,False,False
2026-03-13,Noite,R01,Norte,Viação Alfa,21:45,21:40,-5.0,37.0,7.8,Nenhuma,True,False
2026-03-13,Noite,R02,Norte,Viação Alfa,21:45,21:44,-1.0,39.0,7.8,Nenhuma,True,False
2026-03-13,Noite,R03,Leste,Viação Beta,21:45,21:46,1.0,36.0,7.8,Nenhuma,True,False
2026-03-13,Noite,R04,Sul,Viação Alfa,21:45,21:44,-1.0,33.0,7.8,Nenhuma,True,False
2026-03-13,Noite,R05,Leste,Viação Beta,21:45,21:47,2.0,40.0,7.8,Nenhuma,True,False
2026-03-13,Noite,R06,Oeste,Viação Alfa,21:45,21:37,-8.0,32.0,7.8,Nenhuma,True,False
2026-03-13,Noite,R07,Centro-Sul,Viação Beta,21:45,21:57,12.0,38.0,7.8,Pneu furado,False,False
2026-03-13,Noite,R08,Norte,Viação Beta,21:45,21:45,0.0,33.0,7.8,Nenhuma,True,False
2026-03-14,Manhã,R01,Norte,Viação Alfa,05:45,05:44,-1.0,39.0,4.9,Nenhuma,True,False
2026-03-14,Manhã,R02,Norte,Viação Alfa,05:45,05:36,-9.0,40.0,4.9,Nenhuma,True,False
2026-03-14,Manhã,R03,Leste,Viação Beta,05:45,05:41,-4.0,42.0,4.9,Nenhuma,True,False
2026-03-14,Manhã,R04,Sul,Viação Alfa,05:45,05:45,0.0,38.0,4.9,Nenhuma,True,False
2026-03-14,Manhã,R05,Leste,Viação Beta,05:45,05:46,1.0,38.0,4.9,Nenhuma,True,False
2026-03-14,Manhã,R06,Oeste,Viação Alfa,05:45,05:48,3.0,39.0,4.9,Nenhuma,True,False
2026-03-14,Manhã,R07,Centro-Sul,Viação Beta,05:45,05:39,-6.0,32.0,4.9,Nenhuma,True,False
2026-03-14,Manhã,R08,Norte,Viação Beta,05:45,05:45,0.0,43.0,4.9,Nenhuma,True,False
2026-03-14,Tarde,R01,Norte,Viação Alfa,13:45,13:48,3.0,44.0,4.5,Nenhuma,True,False
2026-03-14,Tarde,R02,Norte,Viação Alfa,13:45,13:43,-2.0,37.0,4.5,Nenhuma,True,False
2026-03-14,Tarde,R03,Leste,Viação Beta,13:45,13:40,-5.0,38.0,4.5,Nenhuma,True,False
2026-03-14,Tarde,R04,Sul,Viação Alfa,13:45,13:47,2.0,37.0,4.5,Nenhuma,True,False
2026-03-14,Tarde,R05,Leste,Viação Beta,13:45,13:46,1.0,27.0,4.5,Nenhuma,True,False
2026-03-14,Tarde,R06,Oeste,Viação Alfa,13:45,13:44,-1.0,42.0,4.5,Nenhuma,True,False
2026-03-14,Tarde,R07,Centro-Sul,Viação Beta,13:45,13:40,-5.0,40.0,4.5,Nenhuma,True,False
2026-03-14,Tarde,R08,Norte,Viação Beta,13:45,13:46,1.0,40.0,4.5,Nenhuma,True,False
2026-03-14,Noite,R01,Norte,Viação Alfa,21:45,21:47,2.0,34.0,9.1,Nenhuma,True,False
2026-03-14,Noite,R02,Norte,Viação Alfa,21:45,21:45,0.0,39.0,9.1,Nenhuma,True,False
2026-03-14,Noite,R03,Leste,Viação Beta,21:45,21:40,-5.0,41.0,9.1,Nenhuma,True,False
2026-03-14,Noite,R04,Sul,Viação Alfa,21:45,21:49,4.0,32.0,9.1,Nenhuma,True,False
2026-03-14,Noite,R05,Leste,Viação Beta,21:45,21:39,-6.0,38.0,9.1,Nenhuma,True,False
2026-03-14,Noite,R06,Oeste,Viação Alfa,21:45,21:41,-4.0,37.0,9.1,Nenhuma,True,False
2026-03-14,Noite,R07,Centro-Sul,Viação Beta,21:45,21:45,0.0,35.0,9.1,Nenhuma,True,False
2026-03-14,Noite,R08,Norte,Viação Beta,21:45,21:39,-6.0,40.0,9.1,Nenhuma,True,False
2026-03-16,Manhã,R01,Norte,Viação Alfa,05:45,05:56,11.0,42.0,27.4,Chuva forte,False,False
2026-03-16,Manhã,R02,Norte,Viação Alfa,05:45,05:51,6.0,35.0,27.4,Chuva forte,False,False
2026-03-16,Manhã,R03,Leste,Viação Beta,05:45,05:51,6.0,38.0,27.4,Chuva forte,False,False
2026-03-16,Manhã,R04,Sul,Viação Alfa,05:45,05:43,-2.0,37.0,27.4,Chuva forte,True,False
2026-03-16,Manhã,R05,Leste,Viação Beta,05:45,05:56,11.0,40.0,27.4,Chuva forte,False,False
2026-03-16,Manhã,R06,Oeste,Viação Alfa,05:45,05:50,5.0,39.0,27.4,Chuva forte,True,False
2026-03-16,Manhã,R07,Centro-Sul,Viação Beta,05:45,05:55,10.0,41.0,27.4,Chuva forte,False,False
2026-03-16,Manhã,R08,Norte,Viação Beta,05:45,05:55,10.0,37.0,27.4,Chuva forte,False,False
2026-03-16,Tarde,R01,Norte,Viação Alfa,13:45,13:49,4.0,39.0,6.1,Nenhuma,True,False
2026-03-16,Tarde,R02,Norte,Viação Alfa,13:45,13:48,3.0,32.0,6.1,Nenhuma,True,False
2026-03-16,Tarde,R03,Leste,Viação Beta,13:45,13:44,-1.0,36.0,6.1,Nenhuma,True,False
2026-03-16,Tarde,R04,Sul,Viação Alfa,13:45,13:46,1.0,40.0,6.1,Nenhuma,True,False
2026-03-16,Tarde,R05,Leste,Viação Beta,13:45,13:40,-5.0,40.0,6.1,Nenhuma,True,False
2026-03-16,Tarde,R06,Oeste,Viação Alfa,13:45,13:46,1.0,37.0,6.1,Nenhuma,True,False
2026-03-16,Tarde,R07,Centro-Sul,Viação Beta,13:45,13:43,-2.0,38.0,6.1,Nenhuma,True,False
2026-03-16,Tarde,R08,Norte,Viação Beta,13:45,13:47,2.0,40.0,6.1,Nenhuma,True,False
2026-03-16,Noite,R01,Norte,Viação Alfa,21:45,21:44,-1.0,42.0,12.9,Nenhuma,True,False
2026-03-16,Noite,R02,Norte,Viação Alfa,21:45,21:45,0.0,32.0,12.9,Nenhuma,True,False
2026-03-16,Noite,R03,Leste,Viação Beta,21:45,21:47,2.0,39.0,12.9,Nenhuma,True,False
2026-03-16,Noite,R04,Sul,Viação Alfa,21:45,21:45,0.0,39.0,12.9,Nenhuma,True,False
2026-03-16,Noite,R05,Leste,Viação Beta,21:45,21:51,6.0,44.0,12.9,Nenhuma,False,False
2026-03-16,Noite,R06,Oeste,Viação Alfa,21:45,21:45,0.0,33.0,12.9,Nenhuma,True,False
2026-03-16,Noite,R07,Centro-Sul,Viação Beta,21:45,21:45,0.0,43.0,12.9,Nenhuma,True,False
2026-03-16,Noite,R08,Norte,Viação Beta,21:45,21:46,1.0,43.0,12.9,Nenhuma,True,False
2026-03-17,Manhã,R01,Norte,Viação Alfa,05:45,05:43,-2.0,38.0,5.9,Nenhuma,True,False
2026-03-17,Manhã,R02,Norte,Viação Alfa,05:45,05:56,11.0,39.0,5.9,Trânsito intenso,False,False
2026-03-17,Manhã,R03,Leste,Viação Beta,05:45,05:43,-2.0,30.0,5.9,Nenhuma,True,False
2026-03-17,Manhã,R04,Sul,Viação Alfa,05:45,05:47,2.0,37.0,5.9,Nenhuma,True,False
2026-03-17,Manhã,R05,Leste,Viação Beta,05:45,05:43,-2.0,37.0,5.9,Nenhuma,True,False
2026-03-17,Manhã,R06,Oeste,Viação Alfa,05:45,05:38,-7.0,39.0,5.9,Nenhuma,True,False
2026-03-17,Manhã,R07,Centro-Sul,Viação Beta,05:45,05:44,-1.0,36.0,5.9,Nenhuma,True,False
2026-03-17,Manhã,R08,Norte,Viação Beta,05:45,05:45,0.0,38.0,5.9,Nenhuma,True,False
2026-03-17,Tarde,R01,Norte,Viação Alfa,13:45,13:47,2.0,40.0,14.1,Nenhuma,True,False
2026-03-17,Tarde,R02,Norte,Viação Alfa,13:45,14:07,22.0,37.0,14.1,Pneu furado,False,True
2026-03-17,Tarde,R03,Leste,Viação Beta,13:45,13:46,1.0,36.0,14.1,Nenhuma,True,False
2026-03-17,Tarde,R04,Sul,Viação Alfa,13:45,13:41,-4.0,43.0,14.1,Nenhuma,True,False
2026-03-17,Tarde,R05,Leste,Viação Beta,13:45,13:44,-1.0,34.0,14.1,Nenhuma,True,False
2026-03-17,Tarde,R06,Oeste,Viação Alfa,13:45,13:56,11.0,33.0,14.1,Pane mecânica,False,False
2026-03-17,Tarde,R07,Centro-Sul,Viação Beta,13:45,13:49,4.0,33.0,14.1,Nenhuma,True,False
2026-03-17,Tarde,R08,Norte,Viação Beta,13:45,13:53,8.0,39.0,14.1,Nenhuma,False,False
2026-03-17,Noite,R01,Norte,Viação Alfa,21:45,21:59,14.0,38.0,11.6,Trânsito intenso,False,False
2026-03-17,Noite,R02,Norte,Viação Alfa,21:45,21:46,1.0,39.0,11.6,Nenhuma,True,False
2026-03-17,Noite,R03,Leste,Viação Beta,21:45,21:47,2.0,40.0,11.6,Nenhuma,True,False
2026-03-17,Noite,R04,Sul,Viação Alfa,21:45,21:39,-6.0,42.0,11.6,Nenhuma,True,False
2026-03-17,Noite,R05,Leste,Viação Beta,21:45,21:47,2.0,37.0,11.6,Nenhuma,True,False
2026-03-17,Noite,R06,Oeste,Viação Alfa,21:45,21:42,-3.0,43.0,11.6,Nenhuma,True,False
2026-03-17,Noite,R07,Centro-Sul,Viação Beta,21:45,21:48,3.0,32.0,11.6,Nenhuma,True,False
2026-03-17,Noite,R08,Norte,Viação Beta,21:45,21:41,-4.0,35.0,11.6,Nenhuma,True,False
2026-03-18,Manhã,R01,Norte,Viação Alfa,05:45,05:38,-7.0,33.0,0.0,Nenhuma,True,False
2026-03-18,Manhã,R02,Norte,Viação Alfa,05:45,05:40,-5.0,44.0,0.0,Nenhuma,True,False
2026-03-18,Manhã,R03,Leste,Viação Beta,05:45,05:43,-2.0,38.0,0.0,Nenhuma,True,False
2026-03-18,Manhã,R04,Sul,Viação Alfa,05:45,05:44,-1.0,33.0,0.0,Nenhuma,True,False
2026-03-18,Manhã,R05,Leste,Viação Beta,05:45,05:47,2.0,32.0,0.0,Nenhuma,True,False
2026-03-18,Manhã,R06,Oeste,Viação Alfa,05:45,05:41,-4.0,41.0,0.0,Nenhuma,True,False
2026-03-18,Manhã,R07,Centro-Sul,Viação Beta,05:45,05:44,-1.0,39.0,0.0,Nenhuma,True,False
2026-03-18,Manhã,R08,Norte,Viação Beta,05:45,05:42,-3.0,29.0,0.0,Nenhuma,True,False
2026-03-18,Tarde,R01,Norte,Viação Alfa,13:45,13:44,-1.0,37.0,0.0,Nenhuma,True,False
2026-03-18,Tarde,R02,Norte,Viação Alfa,13:45,13:47,2.0,42.0,0.0,Nenhuma,True,False
2026-03-18,Tarde,R03,Leste,Viação Beta,13:45,13:40,-5.0,42.0,0.0,Nenhuma,True,False
2026-03-18,Tarde,R04,Sul,Viação Alfa,13:45,13:50,5.0,43.0,0.0,Nenhuma,True,False
2026-03-18,Tarde,R05,Leste,Viação Beta,13:45,14:21,36.0,40.0,0.0,Pane mecânica,False,True
2026-03-18,Tarde,R06,Oeste,Viação Alfa,13:45,13:43,-2.0,40.0,0.0,Nenhuma,True,False
2026-03-18,Tarde,R07,Centro-Sul,Viação Beta,13:45,13:39,-6.0,35.0,0.0,Nenhuma,True,False
2026-03-18,Tarde,R08,Norte,Viação Beta,13:45,13:42,-3.0,37.0,0.0,Nenhuma,True,False
2026-03-18,Noite,R01,Norte,Viação Alfa,21:45,21:48,3.0,38.0,12.0,Nenhuma,True,False
2026-03-18,Noite,R02,Norte,Viação Alfa,21:45,21:40,-5.0,34.0,12.0,Nenhuma,True,False
2026-03-18,Noite,R03,Leste,Viação Beta,21:45,21:45,0.0,40.0,12.0,Nenhuma,True,False
2026-03-18,Noite,R04,Sul,Viação Alfa,21:45,21:41,-4.0,37.0,12.0,Nenhuma,True,False
2026-03-18,Noite,R05,Leste,Viação Beta,21:45,21:44,-1.0,38.0,12.0,Nenhuma,True,False
2026-03-18,Noite,R06,Oeste,Viação Alfa,21:45,21:43,-2.0,36.0,12.0,Nenhuma,True,False
2026-03-18,Noite,R07,Centro-Sul,Viação Beta,21:45,21:46,1.0,34.0,12.0,Nenhuma,True,False
2026-03-18,Noite,R08,Norte,Viação Beta,21:45,21:47,2.0,35.0,12.0,Nenhuma,True,False
2026-03-19,Manhã,R01,Norte,Viação Alfa,05:45,05:38,-7.0,37.0,0.0,Nenhuma,True,False
2026-03-19,Manhã,R02,Norte,Viação Alfa,05:45,05:40,-5.0,37.0,0.0,Nenhuma,True,False
2026-03-19,Manhã,R03,Leste,Viação Beta,05:45,05:42,-3.0,37.0,0.0,Nenhuma,True,False
2026-03-19,Manhã,R04,Sul,Viação Alfa,05:45,05:42,-3.0,31.0,0.0,Nenhuma,True,False
2026-03-19,Manhã,R05,Leste,Viação Beta,05:45,05:56,11.0,41.0,0.0,Trânsito intenso,False,False
2026-03-19,Manhã,R06,Oeste,Viação Alfa,05:45,05:47,2.0,36.0,0.0,Nenhuma,True,False
2026-03-19,Manhã,R07,Centro-Sul,Viação Beta,05:45,05:43,-2.0,43.0,0.0,Nenhuma,True,False
2026-03-19,Manhã,R08,Norte,Viação Beta,05:45,05:41,-4.0,29.0,0.0,Nenhuma,True,False
2026-03-19,Tarde,R01,Norte,Viação Alfa,13:45,13:39,-6.0,39.0,6.4,Nenhuma,True,False
2026-03-19,Tarde,R02,Norte,Viação Alfa,13:45,13:44,-1.0,31.0,6.4,Nenhuma,True,False
2026-03-19,Tarde,R03,Leste,Viação Beta,13:45,13:40,-5.0,35.0,6.4,Nenhuma,True,False
2026-03-19,Tarde,R04,Sul,Viação Alfa,13:45,13:40,-5.0,44.0,6.4,Nenhuma,True,False
2026-03-19,Tarde,R05,Leste,Viação Beta,13:45,13:45,0.0,44.0,6.4,Nenhuma,True,False
2026-03-19,Tarde,R06,Oeste,Viação Alfa,13:45,13:42,-3.0,39.0,6.4,Nenhuma,True,False
2026-03-19,Tarde,R07,Centro-Sul,Viação Beta,13:45,13:44,-1.0,33.0,6.4,Nenhuma,True,False
2026-03-19,Tarde,R08,Norte,Viação Beta,13:45,13:44,-1.0,34.0,6.4,Nenhuma,True,False
2026-03-19,Noite,R01,Norte,Viação Alfa,21:45,21:41,-4.0,38.0,6.3,Nenhuma,True,False
2026-03-19,Noite,R02,Norte,Viação Alfa,21:45,21:40,-5.0,36.0,6.3,Nenhuma,True,False
2026-03-19,Noite,R03,Leste,Viação Beta,21:45,21:43,-2.0,43.0,6.3,Nenhuma,True,False
2026-03-19,Noite,R04,Sul,Viação Alfa,21:45,21:42,-3.0,34.0,6.3,Nenhuma,True,False
2026-03-19,Noite,R05,Leste,Viação Beta,21:45,21:42,-3.0,40.0,6.3,Nenhuma,True,False
2026-03-19,Noite,R06,Oeste,Viação Alfa,21:45,21:37,-8.0,31.0,6.3,Nenhuma,True,False
2026-03-19,Noite,R07,Centro-Sul,Viação Beta,21:45,21:42,-3.0,36.0,6.3,Nenhuma,True,False
2026-03-19,Noite,R08,Norte,Viação Beta,21:45,21:49,4.0,41.0,6.3,Trânsito intenso,True,False
2026-03-20,Manhã,R01,Norte,Viação Alfa,05:45,05:59,14.0,33.0,45.5,Chuva forte,False,False
2026-03-20,Manhã,R02,Norte,Viação Alfa,05:45,06:00,15.0,44.0,45.5,Chuva forte,False,False
2026-03-20,Manhã,R03,Leste,Viação Beta,05:45,05:57,12.0,40.0,45.5,Chuva forte,False,False
2026-03-20,Manhã,R04,Sul,Viação Alfa,05:45,06:27,42.0,37.0,45.5,Pane mecânica,False,True
2026-03-20,Manhã,R05,Leste,Viação Beta,05:45,05:59,14.0,33.0,45.5,Chuva forte,False,False
2026-03-20,Manhã,R06,Oeste,Viação Alfa,05:45,05:55,10.0,34.0,45.5,Chuva forte,False,False
2026-03-20,Manhã,R07,Centro-Sul,Viação Beta,05:45,06:03,18.0,39.0,45.5,Chuva forte,False,True
2026-03-20,Manhã,R08,Norte,Viação Beta,05:45,05:59,14.0,38.0,45.5,Chuva forte,False,False
2026-03-20,Tarde,R01,Norte,Viação Alfa,13:45,13:41,-4.0,34.0,0.0,Nenhuma,True,False
2026-03-20,Tarde,R02,Norte,Viação Alfa,13:45,13:41,-4.0,42.0,0.0,Nenhuma,True,False
2026-03-20,Tarde,R03,Leste,Viação Beta,13:45,13:49,4.0,38.0,0.0,Nenhuma,True,False
2026-03-20,Tarde,R04,Sul,Viação Alfa,13:45,13:38,-7.0,36.0,0.0,Nenhuma,True,False
2026-03-20,Tarde,R05,Leste,Viação Beta,13:45,13:43,-2.0,31.0,0.0,Nenhuma,True,False
2026-03-20,Tarde,R06,Oeste,Viação Alfa,13:45,13:43,-2.0,39.0,0.0,Nenhuma,True,False
2026-03-20,Tarde,R07,Centro-Sul,Viação Beta,13:45,13:40,-5.0,28.0,0.0,Nenhuma,True,False
2026-03-20,Tarde,R08,Norte,Viação Beta,13:45,13:46,1.0,35.0,0.0,Nenhuma,True,False
2026-03-20,Noite,R01,Norte,Viação Alfa,21:45,21:49,4.0,38.0,14.8,Nenhuma,True,False
2026-03-20,Noite,R02,Norte,Viação Alfa,21:45,21:44,-1.0,36.0,14.8,Nenhuma,True,False
2026-03-20,Noite,R03,Leste,Viação Beta,21:45,21:43,-2.0,33.0,14.8,Nenhuma,True,False
2026-03-20,Noite,R04,Sul,Viação Alfa,21:45,21:44,-1.0,40.0,14.8,Nenhuma,True,False
2026-03-20,Noite,R05,Leste,Viação Beta,21:45,21:51,6.0,39.0,14.8,Trânsito intenso,False,False
2026-03-20,Noite,R06,Oeste,Viação Alfa,21:45,21:52,7.0,44.0,14.8,Nenhuma,False,False
2026-03-20,Noite,R07,Centro-Sul,Viação Beta,21:45,21:42,-3.0,40.0,14.8,Nenhuma,True,False
2026-03-20,Noite,R08,Norte,Viação Beta,21:45,21:48,3.0,36.0,14.8,Nenhuma,True,False
2026-03-21,Manhã,R01,Norte,Viação Alfa,05:45,05:37,-8.0,34.0,0.0,Nenhuma,True,False
2026-03-21,Manhã,R02,Norte,Viação Alfa,05:45,05:47,2.0,43.0,0.0,Nenhuma,True,False
2026-03-21,Manhã,R03,Leste,Viação Beta,05:45,05:45,0.0,39.0,0.0,Nenhuma,True,False
2026-03-21,Manhã,R04,Sul,Viação Alfa,05:45,05:42,-3.0,33.0,0.0,Nenhuma,True,False
2026-03-21,Manhã,R05,Leste,Viação Beta,05:45,05:40,-5.0,31.0,0.0,Nenhuma,True,False
2026-03-21,Manhã,R06,Oeste,Viação Alfa,05:45,05:47,2.0,41.0,0.0,Nenhuma,True,False
2026-03-21,Manhã,R07,Centro-Sul,Viação Beta,05:45,05:43,-2.0,35.0,0.0,Nenhuma,True,False
2026-03-21,Manhã,R08,Norte,Viação Beta,05:45,05:41,-4.0,39.0,0.0,Nenhuma,True,False
2026-03-21,Tarde,R01,Norte,Viação Alfa,13:45,13:53,8.0,39.0,42.7,Chuva forte,False,False
2026-03-21,Tarde,R02,Norte,Viação Alfa,13:45,14:06,21.0,42.0,42.7,Chuva forte,False,True
2026-03-21,Tarde,R03,Leste,Viação Beta,13:45,13:57,12.0,37.0,42.7,Chuva forte,False,False
2026-03-21,Tarde,R04,Sul,Viação Alfa,13:45,14:01,16.0,39.0,42.7,Chuva forte,False,True
2026-03-21,Tarde,R05,Leste,Viação Beta,13:45,13:54,9.0,33.0,42.7,Chuva forte,False,False
2026-03-21,Tarde,R06,Oeste,Viação Alfa,13:45,13:59,14.0,44.0,42.7,Chuva forte,False,False
2026-03-21,Tarde,R07,Centro-Sul,Viação Beta,13:45,13:56,11.0,44.0,42.7,Chuva forte,False,False
2026-03-21,Tarde,R08,Norte,Viação Beta,13:45,13:57,12.0,38.0,42.7,Chuva forte,False,False
2026-03-21,Noite,R01,Norte,Viação Alfa,21:45,21:43,-2.0,39.0,0.0,Nenhuma,True,False
2026-03-21,Noite,R02,Norte,Viação Alfa,21:45,21:37,-8.0,37.0,0.0,Nenhuma,True,False
2026-03-21,Noite,R03,Leste,Viação Beta,21:45,21:38,-7.0,35.0,0.0,Nenhuma,True,False
2026-03-21,Noite,R04,Sul,Viação Alfa,21:45,21:40,-5.0,41.0,0.0,Nenhuma,True,False
2026-03-21,Noite,R05,Leste,Viação Beta,21:45,21:39,-6.0,44.0,0.0,Nenhuma,True,False
2026-03-21,Noite,R06,Oeste,Viação Alfa,21:45,21:37,-8.0,37.0,0.0,Nenhuma,True,False
2026-03-21,Noite,R07,Centro-Sul,Viação Beta,21:45,21:39,-6.0,39.0,0.0,Nenhuma,True,False
2026-03-21,Noite,R08,Norte,Viação Beta,21:45,21:42,-3.0,35.0,0.0,Nenhuma,True,False
2026-03-23,Manhã,R01,Norte,Viação Alfa,05:45,05:52,7.0,44.0,36.7,Chuva forte,False,False
2026-03-23,Manhã,R02,Norte,Viação Alfa,05:45,05:55,10.0,30.0,36.7,Chuva forte,False,False
2026-03-23,Manhã,R03,Leste,Viação Beta,05:45,05:57,12.0,38.0,36.7,Chuva forte,False,False
2026-03-23,Manhã,R04,Sul,Viação Alfa,05:45,05:52,7.0,30.0,36.7,Chuva forte,False,False
2026-03-23,Manhã,R05,Leste,Viação Beta,05:45,05:54,9.0,42.0,36.7,Chuva forte,False,False
2026-03-23,Manhã,R06,Oeste,Viação Alfa,05:45,05:50,5.0,38.0,36.7,Chuva forte,True,False
2026-03-23,Manhã,R07,Centro-Sul,Viação Beta,05:45,06:09,24.0,35.0,36.7,Chuva forte,False,True
2026-03-23,Manhã,R08,Norte,Viação Beta,05:45,05:54,9.0,41.0,36.7,Chuva forte,False,False
2026-03-23,Tarde,R01,Norte,Viação Alfa,13:45,14:16,31.0,34.0,74.8,Chuva forte,False,True
2026-03-23,Tarde,R02,Norte,Viação Alfa,13:45,14:08,23.0,40.0,74.8,Chuva forte,False,True
2026-03-23,Tarde,R03,Leste,Viação Beta,13:45,14:08,23.0,36.0,74.8,Chuva forte,False,True
2026-03-23,Tarde,R04,Sul,Viação Alfa,13:45,14:11,26.0,40.0,74.8,Chuva forte,False,True
2026-03-23,Tarde,R05,Leste,Viação Beta,13:45,14:06,21.0,40.0,74.8,Chuva forte,False,True
2026-03-23,Tarde,R06,Oeste,Viação Alfa,13:45,14:05,20.0,41.0,74.8,Chuva forte,False,True
2026-03-23,Tarde,R07,Centro-Sul,Viação Beta,13:45,14:02,17.0,43.0,74.8,Chuva forte,False,True
2026-03-23,Tarde,R08,Norte,Viação Beta,13:45,14:16,31.0,39.0,74.8,Chuva forte,False,True
2026-03-23,Noite,R01,Norte,Viação Alfa,21:45,21:38,-7.0,41.0,0.0,Nenhuma,True,False
2026-03-23,Noite,R02,Norte,Viação Alfa,21:45,22:10,25.0,37.0,0.0,Pneu furado,False,True
2026-03-23,Noite,R03,Leste,Viação Beta,21:45,21:45,0.0,42.0,0.0,Nenhuma,True,False
2026-03-23,Noite,R04,Sul,Viação Alfa,21:45,21:41,-4.0,33.0,0.0,Nenhuma,True,False
2026-03-23,Noite,R05,Leste,Viação Beta,21:45,21:43,-2.0,37.0,0.0,Nenhuma,True,False
2026-03-23,Noite,R06,Oeste,Viação Alfa,21:45,21:37,-8.0,38.0,0.0,Nenhuma,True,False
2026-03-23,Noite,R07,Centro-Sul,Viação Beta,21:45,21:41,-4.0,37.0,0.0,Nenhuma,True,False
2026-03-23,Noite,R08,Norte,Viação Beta,21:45,21:45,0.0,41.0,0.0,Nenhuma,True,False
2026-03-24,Manhã,R01,Norte,Viação Alfa,05:45,05:48,3.0,38.0,20.6,Chuva forte,True,False
2026-03-24,Manhã,R02,Norte,Viação Alfa,05:45,05:49,4.0,43.0,20.6,Chuva forte,True,False
2026-03-24,Manhã,R03,Leste,Viação Beta,05:45,05:46,1.0,36.0,20.6,Chuva forte,True,False
2026-03-24,Manhã,R04,Sul,Viação Alfa,05:45,05:52,7.0,40.0,20.6,Chuva forte,False,False
2026-03-24,Manhã,R05,Leste,Viação Beta,05:45,05:50,5.0,36.0,20.6,Chuva forte,True,False
2026-03-24,Manhã,R06,Oeste,Viação Alfa,05:45,05:49,4.0,36.0,20.6,Chuva forte,True,False
2026-03-24,Manhã,R07,Centro-Sul,Viação Beta,05:45,05:51,6.0,44.0,20.6,Chuva forte,False,False
2026-03-24,Manhã,R08,Norte,Viação Beta,05:45,05:48,3.0,36.0,20.6,Chuva forte,True,False
2026-03-24,Tarde,R01,Norte,Viação Alfa,13:45,13:41,-4.0,36.0,0.0,Nenhuma,True,False
2026-03-24,Tarde,R02,Norte,Viação Alfa,13:45,13:46,1.0,40.0,0.0,Nenhuma,True,False
2026-03-24,Tarde,R03,Leste,Viação Beta,13:45,13:38,-7.0,37.0,0.0,Nenhuma,True,False
2026-03-24,Tarde,R04,Sul,Viação Alfa,13:45,13:43,-2.0,39.0,0.0,Nenhuma,True,False
2026-03-24,Tarde,R05,Leste,Viação Beta,13:45,13:39,-6.0,34.0,0.0,Nenhuma,True,False
2026-03-24,Tarde,R06,Oeste,Viação Alfa,13:45,13:45,0.0,41.0,0.0,Nenhuma,True,False
2026-03-24,Tarde,R07,Centro-Sul,Viação Beta,13:45,13:37,-8.0,31.0,0.0,Nenhuma,True,False
2026-03-24,Tarde,R08,Norte,Viação Beta,13:45,13:38,-7.0,34.0,0.0,Nenhuma,True,False
2026-03-24,Noite,R01,Norte,Viação Alfa,21:45,21:40,-5.0,43.0,0.0,Nenhuma,True,False
2026-03-24,Noite,R02,Norte,Viação Alfa,21:45,21:44,-1.0,44.0,0.0,Nenhuma,True,False
2026-03-24,Noite,R03,Leste,Viação Beta,21:45,21:38,-7.0,42.0,0.0,Nenhuma,True,False
2026-03-24,Noite,R04,Sul,Viação Alfa,21:45,21:49,4.0,32.0,0.0,Nenhuma,True,False
2026-03-24,Noite,R05,Leste,Viação Beta,21:45,21:39,-6.0,38.0,0.0,Nenhuma,True,False
2026-03-24,Noite,R06,Oeste,Viação Alfa,21:45,21:36,-9.0,40.0,0.0,Nenhuma,True,False
2026-03-24,Noite,R07,Centro-Sul,Viação Beta,21:45,21:41,-4.0,40.0,0.0,Nenhuma,True,False
2026-03-24,Noite,R08,Norte,Viação Beta,21:45,21:42,-3.0,37.0,0.0,Nenhuma,True,False
2026-03-25,Manhã,R01,Norte,Viação Alfa,05:45,05:46,1.0,38.0,4.2,Nenhuma,True,False
2026-03-25,Manhã,R02,Norte,Viação Alfa,05:45,05:45,0.0,38.0,4.2,Nenhuma,True,False
2026-03-25,Manhã,R03,Leste,Viação Beta,05:45,05:37,-8.0,39.0,4.2,Nenhuma,True,False
2026-03-25,Manhã,R04,Sul,Viação Alfa,05:45,05:44,-1.0,32.0,4.2,Nenhuma,True,False
2026-03-25,Manhã,R05,Leste,Viação Beta,05:45,05:40,-5.0,32.0,4.2,Nenhuma,True,False
2026-03-25,Manhã,R06,Oeste,Viação Alfa,05:45,05:40,-5.0,35.0,4.2,Nenhuma,True,False
2026-03-25,Manhã,R07,Centro-Sul,Viação Beta,05:45,05:41,-4.0,41.0,4.2,Nenhuma,True,False
2026-03-25,Manhã,R08,Norte,Viação Beta,05:45,05:42,-3.0,44.0,4.2,Nenhuma,True,False
2026-03-25,Tarde,R01,Norte,Viação Alfa,13:45,13:48,3.0,38.0,13.7,Nenhuma,True,False
2026-03-25,Tarde,R02,Norte,Viação Alfa,13:45,13:47,2.0,34.0,13.7,Nenhuma,True,False
2026-03-25,Tarde,R03,Leste,Viação Beta,13:45,13:51,6.0,36.0,13.7,Nenhuma,False,False
2026-03-25,Tarde,R04,Sul,Viação Alfa,13:45,13:48,3.0,38.0,13.7,Nenhuma,True,False
2026-03-25,Tarde,R05,Leste,Viação Beta,13:45,13:45,0.0,41.0,13.7,Nenhuma,True,False
2026-03-25,Tarde,R06,Oeste,Viação Alfa,13:45,13:44,-1.0,32.0,13.7,Nenhuma,True,False
2026-03-25,Tarde,R07,Centro-Sul,Viação Beta,13:45,13:51,6.0,30.0,13.7,Nenhuma,False,False
2026-03-25,Tarde,R08,Norte,Viação Beta,13:45,13:52,7.0,30.0,13.7,Nenhuma,False,False
2026-03-25,Noite,R01,Norte,Viação Alfa,21:45,21:40,-5.0,38.0,7.4,Nenhuma,True,False
2026-03-25,Noite,R02,Norte,Viação Alfa,21:45,21:46,1.0,37.0,7.4,Nenhuma,True,False
2026-03-25,Noite,R03,Leste,Viação Beta,21:45,21:44,-1.0,34.0,7.4,Nenhuma,True,False
2026-03-25,Noite,R04,Sul,Viação Alfa,21:45,21:43,-2.0,39.0,7.4,Nenhuma,True,False
2026-03-25,Noite,R05,Leste,Viação Beta,21:45,21:36,-9.0,35.0,7.4,Nenhuma,True,False
2026-03-25,Noite,R06,Oeste,Viação Alfa,21:45,21:43,-2.0,37.0,7.4,Nenhuma,True,False
2026-03-25,Noite,R07,Centro-Sul,Viação Beta,21:45,21:41,-4.0,41.0,7.4,Nenhuma,True,False
2026-03-25,Noite,R08,Norte,Viação Beta,21:45,21:46,1.0,34.0,7.4,Nenhuma,True,False
2026-03-26,Manhã,R01,Norte,Viação Alfa,05:45,05:43,-2.0,41.0,3.7,Nenhuma,True,False
2026-03-26,Manhã,R02,Norte,Viação Alfa,05:45,05:43,-2.0,34.0,3.7,Nenhuma,True,False
2026-03-26,Manhã,R03,Leste,Viação Beta,05:45,05:46,1.0,44.0,3.7,Nenhuma,True,False
2026-03-26,Manhã,R04,Sul,Viação Alfa,05:45,05:47,2.0,34.0,3.7,Nenhuma,True,False
2026-03-26,Manhã,R05,Leste,Viação Beta,05:45,05:42,-3.0,40.0,3.7,Nenhuma,True,False
2026-03-26,Manhã,R06,Oeste,Viação Alfa,05:45,05:43,-2.0,38.0,3.7,Nenhuma,True,False
2026-03-26,Manhã,R07,Centro-Sul,Viação Beta,05:45,05:44,-1.0,33.0,3.7,Nenhuma,True,False
2026-03-26,Manhã,R08,Norte,Viação Beta,05:45,05:44,-1.0,41.0,3.7,Nenhuma,True,False
2026-03-26,Tarde,R01,Norte,Viação Alfa,13:45,13:41,-4.0,35.0,0.0,Nenhuma,True,False
2026-03-26,Tarde,R02,Norte,Viação Alfa,13:45,13:36,-9.0,35.0,0.0,Nenhuma,True,False
2026-03-26,Tarde,R03,Leste,Viação Beta,13:45,13:45,0.0,44.0,0.0,Nenhuma,True,False
2026-03-26,Tarde,R04,Sul,Viação Alfa,13:45,13:44,-1.0,36.0,0.0,Nenhuma,True,False
2026-03-26,Tarde,R05,Leste,Viação Beta,13:45,14:02,17.0,32.0,0.0,Pane mecânica,False,True
2026-03-26,Tarde,R06,Oeste,Viação Alfa,13:45,13:42,-3.0,36.0,0.0,Nenhuma,True,False
2026-03-26,Tarde,R07,Centro-Sul,Viação Beta,13:45,13:43,-2.0,36.0,0.0,Nenhuma,True,False
2026-03-26,Tarde,R08,Norte,Viação Beta,13:45,13:44,-1.0,41.0,0.0,Nenhuma,True,False
2026-03-26,Noite,R01,Norte,Viação Alfa,21:45,21:52,7.0,41.0,0.0,Trânsito intenso,False,False
2026-03-26,Noite,R02,Norte,Viação Alfa,21:45,21:41,-4.0,32.0,0.0,Nenhuma,True,False
2026-03-26,Noite,R03,Leste,Viação Beta,21:45,21:39,-6.0,38.0,0.0,Nenhuma,True,False
2026-03-26,Noite,R04,Sul,Viação Alfa,21:45,21:43,-2.0,37.0,0.0,Nenhuma,True,False
2026-03-26,Noite,R05,Leste,Viação Beta,21:45,21:49,4.0,36.0,0.0,Nenhuma,True,False
2026-03-26,Noite,R06,Oeste,Viação Alfa,21:45,21:41,-4.0,40.0,0.0,Nenhuma,True,False
2026-03-26,Noite,R07,Centro-Sul,Viação Beta,21:45,21:47,2.0,28.0,0.0,Nenhuma,True,False
2026-03-26,Noite,R08,Norte,Viação Beta,21:45,21:41,-4.0,37.0,0.0,Nenhuma,True,False
2026-03-27,Manhã,R01,Norte,Viação Alfa,05:45,05:48,3.0,37.0,21.3,Chuva forte,True,False
2026-03-27,Manhã,R02,Norte,Viação Alfa,05:45,05:51,6.0,40.0,21.3,Chuva forte,False,False
2026-03-27,Manhã,R03,Leste,Viação Beta,05:45,05:48,3.0,34.0,21.3,Chuva forte,True,False
2026-03-27,Manhã,R04,Sul,Viação Alfa,05:45,05:52,7.0,33.0,21.3,Chuva forte,False,False
2026-03-27,Manhã,R05,Leste,Viação Beta,05:45,05:50,5.0,36.0,21.3,Chuva forte,True,False
2026-03-27,Manhã,R06,Oeste,Viação Alfa,05:45,05:46,1.0,42.0,21.3,Chuva forte,True,False
2026-03-27,Manhã,R07,Centro-Sul,Viação Beta,05:45,05:52,7.0,29.0,21.3,Chuva forte,False,False
2026-03-27,Manhã,R08,Norte,Viação Beta,05:45,05:55,10.0,38.0,21.3,Chuva forte,False,False
2026-03-27,Tarde,R01,Norte,Viação Alfa,13:45,13:46,1.0,37.0,0.0,Nenhuma,True,False
2026-03-27,Tarde,R02,Norte,Viação Alfa,13:45,13:38,-7.0,43.0,0.0,Nenhuma,True,False
2026-03-27,Tarde,R03,Leste,Viação Beta,13:45,13:36,-9.0,32.0,0.0,Nenhuma,True,False
2026-03-27,Tarde,R04,Sul,Viação Alfa,13:45,13:37,-8.0,36.0,0.0,Nenhuma,True,False
2026-03-27,Tarde,R05,Leste,Viação Beta,13:45,13:40,-5.0,41.0,0.0,Nenhuma,True,False
2026-03-27,Tarde,R06,Oeste,Viação Alfa,13:45,13:44,-1.0,44.0,0.0,Nenhuma,True,False
2026-03-27,Tarde,R07,Centro-Sul,Viação Beta,13:45,13:36,-9.0,39.0,0.0,Nenhuma,True,False
2026-03-27,Tarde,R08,Norte,Viação Beta,13:45,13:41,-4.0,33.0,0.0,Nenhuma,True,False
2026-03-27,Noite,R01,Norte,Viação Alfa,21:45,21:47,2.0,40.0,16.4,Nenhuma,True,False
2026-03-27,Noite,R02,Norte,Viação Alfa,21:45,21:48,3.0,39.0,16.4,Nenhuma,True,False
2026-03-27,Noite,R03,Leste,Viação Beta,21:45,21:50,5.0,39.0,16.4,Nenhuma,True,False
2026-03-27,Noite,R04,Sul,Viação Alfa,21:45,21:44,-1.0,37.0,16.4,Nenhuma,True,False
2026-03-27,Noite,R05,Leste,Viação Beta,21:45,21:44,-1.0,42.0,16.4,Nenhuma,True,False
2026-03-27,Noite,R06,Oeste,Viação Alfa,21:45,21:44,-1.0,39.0,16.4,Nenhuma,True,False
2026-03-27,Noite,R07,Centro-Sul,Viação Beta,21:45,21:49,4.0,39.0,16.4,Nenhuma,True,False
2026-03-27,Noite,R08,Norte,Viação Beta,21:45,21:46,1.0,42.0,16.4,Nenhuma,True,False
2026-03-28,Manhã,R01,Norte,Viação Alfa,05:45,05:41,-4.0,35.0,0.0,Nenhuma,True,False
2026-03-28,Manhã,R02,Norte,Viação Alfa,05:45,05:41,-4.0,34.0,0.0,Nenhuma,True,False
2026-03-28,Manhã,R03,Leste,Viação Beta,05:45,06:22,37.0,41.0,0.0,Pane mecânica,False,True
2026-03-28,Manhã,R04,Sul,Viação Alfa,05:45,05:47,2.0,44.0,0.0,Nenhuma,True,False
2026-03-28,Manhã,R05,Leste,Viação Beta,05:45,05:42,-3.0,35.0,0.0,Nenhuma,True,False
2026-03-28,Manhã,R06,Oeste,Viação Alfa,05:45,05:43,-2.0,39.0,0.0,Nenhuma,True,False
2026-03-28,Manhã,R07,Centro-Sul,Viação Beta,05:45,05:46,1.0,40.0,0.0,Nenhuma,True,False
2026-03-28,Manhã,R08,Norte,Viação Beta,05:45,05:44,-1.0,42.0,0.0,Nenhuma,True,False
2026-03-28,Tarde,R01,Norte,Viação Alfa,13:45,14:00,15.0,34.0,37.5,Chuva forte,False,False
2026-03-28,Tarde,R02,Norte,Viação Alfa,13:45,13:55,10.0,38.0,37.5,Chuva forte,False,False
2026-03-28,Tarde,R03,Leste,Viação Beta,13:45,13:54,9.0,28.0,37.5,Chuva forte,False,False
2026-03-28,Tarde,R04,Sul,Viação Alfa,13:45,13:59,14.0,35.0,37.5,Chuva forte,False,False
2026-03-28,Tarde,R05,Leste,Viação Beta,13:45,13:52,7.0,40.0,37.5,Chuva forte,False,False
2026-03-28,Tarde,R06,Oeste,Viação Alfa,13:45,13:55,10.0,33.0,37.5,Chuva forte,False,False
2026-03-28,Tarde,R07,Centro-Sul,Viação Beta,13:45,13:55,10.0,35.0,37.5,Chuva forte,False,False
2026-03-28,Tarde,R08,Norte,Viação Beta,13:45,13:53,8.0,33.0,37.5,Chuva forte,False,False
2026-03-28,Noite,R01,Norte,Viação Alfa,21:45,21:42,-3.0,42.0,0.0,Nenhuma,True,False
2026-03-28,Noite,R02,Norte,Viação Alfa,21:45,21:38,-7.0,38.0,0.0,Nenhuma,True,False
2026-03-28,Noite,R03,Leste,Viação Beta,21:45,21:35,-10.0,43.0,0.0,Nenhuma,True,False
2026-03-28,Noite,R04,Sul,Viação Alfa,21:45,21:38,-7.0,44.0,0.0,Nenhuma,True,False
2026-03-28,Noite,R05,Leste,Viação Beta,21:45,21:39,-6.0,39.0,0.0,Nenhuma,True,False
2026-03-28,Noite,R06,Oeste,Viação Alfa,21:45,21:41,-4.0,36.0,0.0,Nenhuma,True,False
2026-03-28,Noite,R07,Centro-Sul,Viação Beta,21:45,21:47,2.0,43.0,0.0,Nenhuma,True,False
2026-03-28,Noite,R08,Norte,Viação Beta,21:45,21:37,-8.0,40.0,0.0,Nenhuma,True,False
2026-03-30,Manhã,R01,Norte,Viação Alfa,05:45,05:45,0.0,37.0,2.3,Nenhuma,True,False
2026-03-30,Manhã,R02,Norte,Viação Alfa,05:45,05:43,-2.0,38.0,2.3,Nenhuma,True,False
2026-03-30,Manhã,R03,Leste,Viação Beta,05:45,05:48,3.0,39.0,2.3,Nenhuma,True,False
2026-03-30,Manhã,R04,Sul,Viação Alfa,05:45,05:44,-1.0,37.0,2.3,Nenhuma,True,False
2026-03-30,Manhã,R05,Leste,Viação Beta,05:45,05:42,-3.0,33.0,2.3,Nenhuma,True,False
2026-03-30,Manhã,R06,Oeste,Viação Alfa,05:45,05:38,-7.0,32.0,2.3,Nenhuma,True,False
2026-03-30,Manhã,R07,Centro-Sul,Viação Beta,05:45,05:41,-4.0,40.0,2.3,Nenhuma,True,False
2026-03-30,Manhã,R08,Norte,Viação Beta,05:45,05:48,3.0,40.0,2.3,Nenhuma,True,False
2026-03-30,Tarde,R01,Norte,Viação Alfa,13:45,13:43,-2.0,37.0,6.7,Nenhuma,True,False
2026-03-30,Tarde,R02,Norte,Viação Alfa,13:45,13:47,2.0,39.0,6.7,Nenhuma,True,False
2026-03-30,Tarde,R03,Leste,Viação Beta,13:45,13:44,-1.0,33.0,6.7,Nenhuma,True,False
2026-03-30,Tarde,R04,Sul,Viação Alfa,13:45,13:47,2.0,41.0,6.7,Nenhuma,True,False
2026-03-30,Tarde,R05,Leste,Viação Beta,13:45,13:45,0.0,43.0,6.7,Nenhuma,True,False
2026-03-30,Tarde,R06,Oeste,Viação Alfa,13:45,13:46,1.0,43.0,6.7,Nenhuma,True,False
2026-03-30,Tarde,R07,Centro-Sul,Viação Beta,13:45,13:44,-1.0,35.0,6.7,Nenhuma,True,False
2026-03-30,Tarde,R08,Norte,Viação Beta,13:45,13:50,5.0,38.0,6.7,Nenhuma,True,False
2026-03-30,Noite,R01,Norte,Viação Alfa,21:45,21:44,-1.0,35.0,17.3,Nenhuma,True,False
2026-03-30,Noite,R02,Norte,Viação Alfa,21:45,21:47,2.0,31.0,17.3,Nenhuma,True,False
2026-03-30,Noite,R03,Leste,Viação Beta,21:45,21:52,7.0,42.0,17.3,Nenhuma,False,False
2026-03-30,Noite,R04,Sul,Viação Alfa,21:45,21:50,5.0,35.0,17.3,Nenhuma,True,False
2026-03-30,Noite,R05,Leste,Viação Beta,21:45,21:53,8.0,40.0,17.3,Nenhuma,False,False
2026-03-30,Noite,R06,Oeste,Viação Alfa,21:45,21:43,-2.0,35.0,17.3,Nenhuma,True,False
2026-03-30,Noite,R07,Centro-Sul,Viação Beta,21:45,21:49,4.0,35.0,17.3,Nenhuma,True,False
2026-03-30,Noite,R08,Norte,Viação Beta,21:45,21:44,-1.0,41.0,17.3,Nenhuma,True,False
2026-03-31,Manhã,R01,Norte,Viação Alfa,05:45,05:44,-1.0,39.0,,Nenhuma,True,False
2026-03-31,Manhã,R02,Norte,Viação Alfa,05:45,05:43,-2.0,34.0,,Nenhuma,True,False
2026-03-31,Manhã,R03,Leste,Viação Beta,05:45,05:47,2.0,39.0,,Nenhuma,True,False
2026-03-31,Manhã,R04,Sul,Viação Alfa,05:45,05:43,-2.0,35.0,,Nenhuma,True,False
2026-03-31,Manhã,R05,Leste,Viação Beta,05:45,05:42,-3.0,39.0,,Nenhuma,True,False
2026-03-31,Manhã,R06,Oeste,Viação Alfa,05:45,05:41,-4.0,42.0,,Nenhuma,True,False
2026-03-31,Manhã,R07,Centro-Sul,Viação Beta,05:45,05:36,-9.0,42.0,,Nenhuma,True,False
2026-03-31,Manhã,R08,Norte,Viação Beta,05:45,05:45,0.0,32.0,,Nenhuma,True,False
2026-03-31,Tarde,R01,Norte,Viação Alfa,13:45,13:59,14.0,42.0,,Chuva forte,False,False
2026-03-31,Tarde,R02,Norte,Viação Alfa,13:45,14:01,16.0,39.0,,Chuva forte,False,True
2026-03-31,Tarde,R03,Leste,Viação Beta,13:45,14:01,16.0,29.0,,Chuva forte,False,True
2026-03-31,Tarde,R04,Sul,Viação Alfa,13:45,14:00,15.0,43.0,,Chuva forte,False,False
2026-03-31,Tarde,R05,Leste,Viação Beta,13:45,13:59,14.0,32.0,,Chuva forte,False,False
2026-03-31,Tarde,R06,Oeste,Viação Alfa,13:45,14:01,16.0,36.0,,Chuva forte,False,True
2026-03-31,Tarde,R07,Centro-Sul,Viação Beta,13:45,14:11,26.0,36.0,,Chuva forte,False,True
2026-03-31,Tarde,R08,Norte,Viação Beta,13:45,14:00,15.0,39.0,,Chuva forte,False,False
2026-03-31,Noite,R01,Norte,Viação Alfa,21:45,21:44,-1.0,42.0,,Nenhuma,True,False
2026-03-31,Noite,R02,Norte,Viação Alfa,21:45,21:41,-4.0,42.0,,Nenhuma,True,False
2026-03-31,Noite,R03,Leste,Viação Beta,21:45,21:43,-2.0,36.0,,Nenhuma,True,False
2026-03-31,Noite,R04,Sul,Viação Alfa,21:45,21:38,-7.0,42.0,,Nenhuma,True,False
2026-03-31,Noite,R05,Leste,Viação Beta,21:45,21:39,-6.0,43.0,,Nenhuma,True,False
2026-03-31,Noite,R06,Oeste,Viação Alfa,21:45,21:43,-2.0,40.0,,Nenhuma,True,False
2026-03-31,Noite,R07,Centro-Sul,Viação Beta,21:45,21:51,6.0,39.0,,Trânsito intenso,False,False
2026-03-31,Noite,R08,Norte,Viação Beta,21:45,21:41,-4.0,38.0,,Nenhuma,True,False
2026-04-01,Manhã,R01,Norte,Viação Alfa,05:45,05:47,2.0,39.0,5.4,Nenhuma,True,False
2026-04-01,Manhã,R02,Norte,Viação Alfa,05:45,05:46,1.0,39.0,5.4,Nenhuma,True,False
2026-04-01,Manhã,R03,Leste,Viação Beta,05:45,05:42,-3.0,29.0,5.4,Nenhuma,True,False
2026-04-01,Manhã,R04,Sul,Viação Alfa,05:45,06:00,15.0,37.0,5.4,Pane mecânica,False,False
2026-04-01,Manhã,R05,Leste,Viação Beta,05:45,05:40,-5.0,39.0,5.4,Nenhuma,True,False
2026-04-01,Manhã,R06,Oeste,Viação Alfa,05:45,05:44,-1.0,43.0,5.4,Nenhuma,True,False
2026-04-01,Manhã,R07,Centro-Sul,Viação Beta,05:45,05:41,-4.0,40.0,5.4,Nenhuma,True,False
2026-04-01,Manhã,R08,Norte,Viação Beta,05:45,05:43,-2.0,44.0,5.4,Nenhuma,True,False
2026-04-01,Tarde,R01,Norte,Viação Alfa,13:45,13:39,-6.0,42.0,0.0,Nenhuma,True,False
2026-04-01,Tarde,R02,Norte,Viação Alfa,13:45,13:41,-4.0,37.0,0.0,Nenhuma,True,False
2026-04-01,Tarde,R03,Leste,Viação Beta,13:45,13:39,-6.0,37.0,0.0,Nenhuma,True,False
2026-04-01,Tarde,R04,Sul,Viação Alfa,13:45,13:45,0.0,38.0,0.0,Nenhuma,True,False
2026-04-01,Tarde,R05,Leste,Viação Beta,13:45,13:41,-4.0,40.0,0.0,Nenhuma,True,False
2026-04-01,Tarde,R06,Oeste,Viação Alfa,13:45,13:44,-1.0,36.0,0.0,Nenhuma,True,False
2026-04-01,Tarde,R07,Centro-Sul,Viação Beta,13:45,13:42,-3.0,37.0,0.0,Nenhuma,True,False
2026-04-01,Tarde,R08,Norte,Viação Beta,13:45,13:48,3.0,33.0,0.0,Nenhuma,True,False
2026-04-01,Noite,R01,Norte,Viação Alfa,21:45,21:43,-2.0,38.0,0.0,Nenhuma,True,False
2026-04-01,Noite,R02,Norte,Viação Alfa,21:45,21:38,-7.0,33.0,0.0,Nenhuma,True,False
2026-04-01,Noite,R03,Leste,Viação Beta,21:45,21:38,-7.0,35.0,0.0,Nenhuma,True,False
2026-04-01,Noite,R04,Sul,Viação Alfa,21:45,21:41,-4.0,28.0,0.0,Nenhuma,True,False
2026-04-01,Noite,R05,Leste,Viação Beta,21:45,21:37,-8.0,38.0,0.0,Nenhuma,True,False
2026-04-01,Noite,R06,Oeste,Viação Alfa,21:45,21:40,-5.0,34.0,0.0,Nenhuma,True,False
2026-04-01,Noite,R07,Centro-Sul,Viação Beta,21:45,21:58,13.0,35.0,0.0,Pneu furado,False,False
2026-04-01,Noite,R08,Norte,Viação Beta,21:45,21:42,-3.0,36.0,0.0,Nenhuma,True,False
2026-04-02,Manhã,R01,Norte,Viação Alfa,05:45,05:39,-6.0,42.0,0.0,Nenhuma,True,False
2026-04-02,Manhã,R02,Norte,Viação Alfa,05:45,05:43,-2.0,39.0,0.0,Nenhuma,True,False
2026-04-02,Manhã,R03,Leste,Viação Beta,05:45,05:43,-2.0,32.0,0.0,Nenhuma,True,False
2026-04-02,Manhã,R04,Sul,Viação Alfa,05:45,05:42,-3.0,38.0,0.0,Nenhuma,True,False
2026-04-02,Manhã,R05,Leste,Viação Beta,05:45,05:45,0.0,34.0,0.0,Nenhuma,True,False
2026-04-02,Manhã,R06,Oeste,Viação Alfa,05:45,05:43,-2.0,38.0,0.0,Nenhuma,True,False
2026-04-02,Manhã,R07,Centro-Sul,Viação Beta,05:45,05:39,-6.0,30.0,0.0,Nenhuma,True,False
2026-04-02,Manhã,R08,Norte,Viação Beta,05:45,05:39,-6.0,39.0,0.0,Nenhuma,True,False
2026-04-02,Tarde,R01,Norte,Viação Alfa,13:45,13:43,-2.0,40.0,0.0,Nenhuma,True,False
2026-04-02,Tarde,R02,Norte,Viação Alfa,13:45,13:44,-1.0,33.0,0.0,Nenhuma,True,False
2026-04-02,Tarde,R03,Leste,Viação Beta,13:45,13:44,-1.0,44.0,0.0,Nenhuma,True,False
2026-04-02,Tarde,R04,Sul,Viação Alfa,13:45,13:41,-4.0,36.0,0.0,Nenhuma,True,False
2026-04-02,Tarde,R05,Leste,Viação Beta,13:45,13:41,-4.0,38.0,0.0,Nenhuma,True,False
2026-04-02,Tarde,R06,Oeste,Viação Alfa,13:45,13:43,-2.0,43.0,0.0,Nenhuma,True,False
2026-04-02,Tarde,R07,Centro-Sul,Viação Beta,13:45,13:39,-6.0,33.0,0.0,Nenhuma,True,False
2026-04-02,Tarde,R08,Norte,Viação Beta,13:45,13:58,13.0,42.0,0.0,Pneu furado,False,False
2026-04-02,Noite,R01,Norte,Viação Alfa,21:45,21:37,-8.0,44.0,0.0,Nenhuma,True,False
2026-04-02,Noite,R02,Norte,Viação Alfa,21:45,21:36,-9.0,35.0,0.0,Nenhuma,True,False
2026-04-02,Noite,R03,Leste,Viação Beta,21:45,21:32,-13.0,42.0,0.0,Nenhuma,True,False
2026-04-02,Noite,R04,Sul,Viação Alfa,21:45,21:41,-4.0,29.0,0.0,Nenhuma,True,False
2026-04-02,Noite,R05,Leste,Viação Beta,21:45,21:40,-5.0,40.0,0.0,Nenhuma,True,False
2026-04-02,Noite,R06,Oeste,Viação Alfa,21:45,21:41,-4.0,41.0,0.0,Nenhuma,True,False
2026-04-02,Noite,R07,Centro-Sul,Viação Beta,21:45,21:43,-2.0,35.0,0.0,Nenhuma,True,False
2026-04-02,Noite,R08,Norte,Viação Beta,21:45,21:40,-5.0,38.0,0.0,Nenhuma,True,False
2026-04-03,Manhã,R01,Norte,Viação Alfa,05:45,05:40,-5.0,37.0,0.0,Nenhuma,True,False
2026-04-03,Manhã,R02,Norte,Viação Alfa,05:45,05:44,-1.0,39.0,0.0,Nenhuma,True,False
2026-04-03,Manhã,R03,Leste,Viação Beta,05:45,05:41,-4.0,38.0,0.0,Nenhuma,True,False
2026-04-03,Manhã,R04,Sul,Viação Alfa,05:45,05:40,-5.0,42.0,0.0,Nenhuma,True,False
2026-04-03,Manhã,R05,Leste,Viação Beta,05:45,05:41,-4.0,36.0,0.0,Nenhuma,True,False
2026-04-03,Manhã,R06,Oeste,Viação Alfa,05:45,05:35,-10.0,36.0,0.0,Nenhuma,True,False
2026-04-03,Manhã,R07,Centro-Sul,Viação Beta,05:45,05:42,-3.0,40.0,0.0,Nenhuma,True,False
2026-04-03,Manhã,R08,Norte,Viação Beta,05:45,05:41,-4.0,41.0,0.0,Nenhuma,True,False
2026-04-03,Tarde,R01,Norte,Viação Alfa,13:45,13:37,-8.0,44.0,0.0,Nenhuma,True,False
2026-04-03,Tarde,R02,Norte,Viação Alfa,13:45,13:45,0.0,34.0,0.0,Nenhuma,True,False
2026-04-03,Tarde,R03,Leste,Viação Beta,13:45,13:50,5.0,43.0,0.0,Trânsito intenso,True,False
2026-04-03,Tarde,R04,Sul,Viação Alfa,13:45,13:42,-3.0,36.0,0.0,Nenhuma,True,False
2026-04-03,Tarde,R05,Leste,Viação Beta,13:45,13:43,-2.0,34.0,0.0,Nenhuma,True,False
2026-04-03,Tarde,R06,Oeste,Viação Alfa,13:45,13:43,-2.0,44.0,0.0,Nenhuma,True,False
2026-04-03,Tarde,R07,Centro-Sul,Viação Beta,13:45,13:42,-3.0,36.0,0.0,Nenhuma,True,False
2026-04-03,Tarde,R08,Norte,Viação Beta,13:45,13:42,-3.0,39.0,0.0,Nenhuma,True,False
2026-04-03,Noite,R01,Norte,Viação Alfa,21:45,21:44,-1.0,39.0,7.6,Nenhuma,True,False
2026-04-03,Noite,R02,Norte,Viação Alfa,21:45,21:40,-5.0,41.0,7.6,Nenhuma,True,False
2026-04-03,Noite,R03,Leste,Viação Beta,21:45,21:40,-5.0,41.0,7.6,Nenhuma,True,False
2026-04-03,Noite,R04,Sul,Viação Alfa,21:45,21:43,-2.0,34.0,7.6,Nenhuma,True,False
2026-04-03,Noite,R05,Leste,Viação Beta,21:45,21:41,-4.0,32.0,7.6,Nenhuma,True,False
2026-04-03,Noite,R06,Oeste,Viação Alfa,21:45,21:44,-1.0,40.0,7.6,Nenhuma,True,False
2026-04-03,Noite,R07,Centro-Sul,Viação Beta,21:45,21:40,-5.0,33.0,7.6,Nenhuma,True,False
2026-04-03,Noite,R08,Norte,Viação Beta,21:45,21:43,-2.0,35.0,7.6,Nenhuma,True,False
2026-04-04,Manhã,R01,Norte,Viação Alfa,05:45,05:51,6.0,32.0,30.4,Chuva forte,False,False
2026-04-04,Manhã,R02,Norte,Viação Alfa,05:45,05:51,6.0,35.0,30.4,Chuva forte,False,False
2026-04-04,Manhã,R03,Leste,Viação Beta,05:45,05:51,6.0,42.0,30.4,Chuva forte,False,False
2026-04-04,Manhã,R04,Sul,Viação Alfa,05:45,05:52,7.0,41.0,30.4,Chuva forte,False,False
2026-04-04,Manhã,R05,Leste,Viação Beta,05:45,06:21,36.0,32.0,30.4,Pane mecânica,False,True
2026-04-04,Manhã,R06,Oeste,Viação Alfa,05:45,05:52,7.0,44.0,30.4,Chuva forte,False,False
2026-04-04,Manhã,R07,Centro-Sul,Viação Beta,05:45,05:51,6.0,32.0,30.4,Chuva forte,False,False
2026-04-04,Manhã,R08,Norte,Viação Beta,05:45,05:55,10.0,34.0,30.4,Chuva forte,False,False
2026-04-04,Tarde,R01,Norte,Viação Alfa,13:45,13:46,1.0,33.0,8.0,Nenhuma,True,False
2026-04-04,Tarde,R02,Norte,Viação Alfa,13:45,13:48,3.0,40.0,8.0,Nenhuma,True,False
2026-04-04,Tarde,R03,Leste,Viação Beta,13:45,13:41,-4.0,34.0,8.0,Nenhuma,True,False
2026-04-04,Tarde,R04,Sul,Viação Alfa,13:45,13:50,5.0,34.0,8.0,Nenhuma,True,False
2026-04-04,Tarde,R05,Leste,Viação Beta,13:45,13:44,-1.0,38.0,8.0,Nenhuma,True,False
2026-04-04,Tarde,R06,Oeste,Viação Alfa,13:45,13:44,-1.0,35.0,8.0,Nenhuma,True,False
2026-04-04,Tarde,R07,Centro-Sul,Viação Beta,13:45,13:47,2.0,36.0,8.0,Nenhuma,True,False
2026-04-04,Tarde,R08,Norte,Viação Beta,13:45,13:44,-1.0,35.0,8.0,Nenhuma,True,False
2026-04-04,Noite,R01,Norte,Viação Alfa,21:45,21:44,-1.0,35.0,0.0,Nenhuma,True,False
2026-04-04,Noite,R02,Norte,Viação Alfa,21:45,21:38,-7.0,40.0,0.0,Nenhuma,True,False
2026-04-04,Noite,R03,Leste,Viação Beta,21:45,21:43,-2.0,32.0,0.0,Nenhuma,True,False
2026-04-04,Noite,R04,Sul,Viação Alfa,21:45,21:41,-4.0,34.0,0.0,Nenhuma,True,False
2026-04-04,Noite,R05,Leste,Viação Beta,21:45,21:39,-6.0,44.0,0.0,Nenhuma,True,False
2026-04-04,Noite,R06,Oeste,Viação Alfa,21:45,21:43,-2.0,35.0,0.0,Nenhuma,True,False
2026-04-04,Noite,R07,Centro-Sul,Viação Beta,21:45,21:36,-9.0,35.0,0.0,Nenhuma,True,False
2026-04-04,Noite,R08,Norte,Viação Beta,21:45,21:56,11.0,35.0,0.0,Trânsito intenso,False,False
2026-04-06,Manhã,R01,Norte,Viação Alfa,05:45,05:50,5.0,38.0,10.9,Nenhuma,True,False
2026-04-06,Manhã,R02,Norte,Viação Alfa,05:45,05:48,3.0,32.0,10.9,Nenhuma,True,False
2026-04-06,Manhã,R03,Leste,Viação Beta,05:45,05:56,11.0,33.0,10.9,Nenhuma,False,False
2026-04-06,Manhã,R04,Sul,Viação Alfa,05:45,05:48,3.0,34.0,10.9,Nenhuma,True,False
2026-04-06,Manhã,R05,Leste,Viação Beta,05:45,05:57,12.0,39.0,10.9,Nenhuma,False,False
2026-04-06,Manhã,R06,Oeste,Viação Alfa,05:45,05:45,0.0,35.0,10.9,Nenhuma,True,False
2026-04-06,Manhã,R07,Centro-Sul,Viação Beta,05:45,05:45,0.0,42.0,10.9,Nenhuma,True,False
2026-04-06,Manhã,R08,Norte,Viação Beta,05:45,05:44,-1.0,29.0,10.9,Nenhuma,True,False
2026-04-06,Tarde,R01,Norte,Viação Alfa,13:45,13:42,-3.0,42.0,4.5,Nenhuma,True,False
2026-04-06,Tarde,R02,Norte,Viação Alfa,13:45,13:45,0.0,40.0,4.5,Nenhuma,True,False
2026-04-06,Tarde,R03,Leste,Viação Beta,13:45,13:49,4.0,28.0,4.5,Nenhuma,True,False
2026-04-06,Tarde,R04,Sul,Viação Alfa,13:45,13:43,-2.0,38.0,4.5,Nenhuma,True,False
2026-04-06,Tarde,R05,Leste,Viação Beta,13:45,13:59,14.0,40.0,4.5,Nenhuma,False,False
2026-04-06,Tarde,R06,Oeste,Viação Alfa,13:45,13:45,0.0,38.0,4.5,Nenhuma,True,False
2026-04-06,Tarde,R07,Centro-Sul,Viação Beta,13:45,13:42,-3.0,40.0,4.5,Nenhuma,True,False
2026-04-06,Tarde,R08,Norte,Viação Beta,13:45,13:39,-6.0,38.0,4.5,Nenhuma,True,False
2026-04-06,Noite,R01,Norte,Viação Alfa,21:45,21:52,7.0,40.0,21.4,Chuva forte,False,False
2026-04-06,Noite,R02,Norte,Viação Alfa,21:45,21:53,8.0,39.0,21.4,Chuva forte,False,False
2026-04-06,Noite,R03,Leste,Viação Beta,21:45,21:46,1.0,39.0,21.4,Chuva forte,True,False
2026-04-06,Noite,R04,Sul,Viação Alfa,21:45,21:37,-8.0,36.0,21.4,Chuva forte,True,False
2026-04-06,Noite,R05,Leste,Viação Beta,21:45,21:47,2.0,37.0,21.4,Chuva forte,True,False
2026-04-06,Noite,R06,Oeste,Viação Alfa,21:45,21:41,-4.0,37.0,21.4,Chuva forte,True,False
2026-04-06,Noite,R07,Centro-Sul,Viação Beta,21:45,21:51,6.0,38.0,21.4,Chuva forte,False,False
2026-04-06,Noite,R08,Norte,Viação Beta,21:45,21:43,-2.0,34.0,21.4,Chuva forte,True,False
2026-04-07,Manhã,R01,Norte,Viação Alfa,05:45,05:47,2.0,36.0,16.0,Nenhuma,True,False
2026-04-07,Manhã,R02,Norte,Viação Alfa,05:45,05:48,3.0,38.0,16.0,Nenhuma,True,False
2026-04-07,Manhã,R03,Leste,Viação Beta,05:45,06:10,25.0,34.0,16.0,Obra na via,False,True
2026-04-07,Manhã,R04,Sul,Viação Alfa,05:45,05:56,11.0,37.0,16.0,Nenhuma,False,False
2026-04-07,Manhã,R05,Leste,Viação Beta,05:45,06:05,20.0,36.0,16.0,Nenhuma,False,True
2026-04-07,Manhã,R06,Oeste,Viação Alfa,05:45,05:52,7.0,42.0,16.0,Nenhuma,False,False
2026-04-07,Manhã,R07,Centro-Sul,Viação Beta,05:45,05:46,1.0,37.0,16.0,Nenhuma,True,False
2026-04-07,Manhã,R08,Norte,Viação Beta,05:45,05:54,9.0,44.0,16.0,Trânsito intenso,False,False
2026-04-07,Tarde,R01,Norte,Viação Alfa,13:45,13:40,-5.0,44.0,0.0,Nenhuma,True,False
2026-04-07,Tarde,R02,Norte,Viação Alfa,13:45,13:39,-6.0,40.0,0.0,Nenhuma,True,False
2026-04-07,Tarde,R03,Leste,Viação Beta,13:45,13:48,3.0,39.0,0.0,Nenhuma,True,False
2026-04-07,Tarde,R04,Sul,Viação Alfa,13:45,13:41,-4.0,33.0,0.0,Nenhuma,True,False
2026-04-07,Tarde,R05,Leste,Viação Beta,13:45,13:54,9.0,40.0,0.0,Nenhuma,False,False
2026-04-07,Tarde,R06,Oeste,Viação Alfa,13:45,13:42,-3.0,44.0,0.0,Nenhuma,True,False
2026-04-07,Tarde,R07,Centro-Sul,Viação Beta,13:45,13:43,-2.0,44.0,0.0,Nenhuma,True,False
2026-04-07,Tarde,R08,Norte,Viação Beta,13:45,13:44,-1.0,39.0,0.0,Nenhuma,True,False
2026-04-07,Noite,R01,Norte,Viação Alfa,21:45,21:45,0.0,36.0,3.2,Nenhuma,True,False
2026-04-07,Noite,R02,Norte,Viação Alfa,21:45,21:43,-2.0,41.0,3.2,Nenhuma,True,False
2026-04-07,Noite,R03,Leste,Viação Beta,21:45,21:43,-2.0,28.0,3.2,Nenhuma,True,False
2026-04-07,Noite,R04,Sul,Viação Alfa,21:45,21:41,-4.0,44.0,3.2,Nenhuma,True,False
2026-04-07,Noite,R05,Leste,Viação Beta,21:45,21:40,-5.0,37.0,3.2,Nenhuma,True,False
2026-04-07,Noite,R06,Oeste,Viação Alfa,21:45,21:45,0.0,32.0,3.2,Nenhuma,True,False
2026-04-07,Noite,R07,Centro-Sul,Viação Beta,21:45,21:42,-3.0,39.0,3.2,Nenhuma,True,False
2026-04-07,Noite,R08,Norte,Viação Beta,21:45,21:44,-1.0,34.0,3.2,Nenhuma,True,False
2026-04-08,Manhã,R01,Norte,Viação Alfa,05:45,05:42,-3.0,36.0,2.4,Nenhuma,True,False
2026-04-08,Manhã,R02,Norte,Viação Alfa,05:45,05:42,-3.0,40.0,2.4,Nenhuma,True,False
2026-04-08,Manhã,R03,Leste,Viação Beta,05:45,05:48,3.0,37.0,2.4,Nenhuma,True,False
2026-04-08,Manhã,R04,Sul,Viação Alfa,05:45,05:45,0.0,36.0,2.4,Nenhuma,True,False
2026-04-08,Manhã,R05,Leste,Viação Beta,05:45,05:50,5.0,38.0,2.4,Obra na via,True,False
2026-04-08,Manhã,R06,Oeste,Viação Alfa,05:45,05:37,-8.0,40.0,2.4,Nenhuma,True,False
2026-04-08,Manhã,R07,Centro-Sul,Viação Beta,05:45,05:40,-5.0,37.0,2.4,Nenhuma,True,False
2026-04-08,Manhã,R08,Norte,Viação Beta,05:45,05:38,-7.0,43.0,2.4,Nenhuma,True,False
2026-04-08,Tarde,R01,Norte,Viação Alfa,13:45,13:46,1.0,31.0,18.3,Nenhuma,True,False
2026-04-08,Tarde,R02,Norte,Viação Alfa,13:45,13:46,1.0,33.0,18.3,Nenhuma,True,False
2026-04-08,Tarde,R03,Leste,Viação Beta,13:45,13:49,4.0,30.0,18.3,Nenhuma,True,False
2026-04-08,Tarde,R04,Sul,Viação Alfa,13:45,13:51,6.0,35.0,18.3,Nenhuma,False,False
2026-04-08,Tarde,R05,Leste,Viação Beta,13:45,13:56,11.0,38.0,18.3,Obra na via,False,False
2026-04-08,Tarde,R06,Oeste,Viação Alfa,13:45,13:46,1.0,34.0,18.3,Nenhuma,True,False
2026-04-08,Tarde,R07,Centro-Sul,Viação Beta,13:45,13:48,3.0,31.0,18.3,Nenhuma,True,False
2026-04-08,Tarde,R08,Norte,Viação Beta,13:45,13:45,0.0,39.0,18.3,Nenhuma,True,False
2026-04-08,Noite,R01,Norte,Viação Alfa,21:45,21:40,-5.0,39.0,0.0,Nenhuma,True,False
2026-04-08,Noite,R02,Norte,Viação Alfa,21:45,21:43,-2.0,37.0,0.0,Nenhuma,True,False
2026-04-08,Noite,R03,Leste,Viação Beta,21:45,21:38,-7.0,36.0,0.0,Nenhuma,True,False
2026-04-08,Noite,R04,Sul,Viação Alfa,21:45,21:38,-7.0,39.0,0.0,Nenhuma,True,False
2026-04-08,Noite,R05,Leste,Viação Beta,21:45,21:38,-7.0,33.0,0.0,Nenhuma,True,False
2026-04-08,Noite,R06,Oeste,Viação Alfa,21:45,21:45,0.0,41.0,0.0,Nenhuma,True,False
2026-04-08,Noite,R07,Centro-Sul,Viação Beta,21:45,21:47,2.0,38.0,0.0,Nenhuma,True,False
2026-04-08,Noite,R08,Norte,Viação Beta,21:45,21:36,-9.0,35.0,0.0,Nenhuma,True,False
2026-04-09,Manhã,R01,Norte,Viação Alfa,05:45,05:38,-7.0,42.0,0.0,Nenhuma,True,False
2026-04-09,Manhã,R02,Norte,Viação Alfa,05:45,05:39,-6.0,39.0,0.0,Nenhuma,True,False
2026-04-09,Manhã,R03,Leste,Viação Beta,05:45,05:50,5.0,35.0,0.0,Nenhuma,True,False
2026-04-09,Manhã,R04,Sul,Viação Alfa,05:45,05:39,-6.0,38.0,0.0,Nenhuma,True,False
2026-04-09,Manhã,R05,Leste,Viação Beta,05:45,05:56,11.0,41.0,0.0,Obra na via,False,False
2026-04-09,Manhã,R06,Oeste,Viação Alfa,05:45,05:40,-5.0,37.0,0.0,Nenhuma,True,False
2026-04-09,Manhã,R07,Centro-Sul,Viação Beta,05:45,05:43,-2.0,34.0,0.0,Nenhuma,True,False
2026-04-09,Manhã,R08,Norte,Viação Beta,05:45,05:38,-7.0,37.0,0.0,Nenhuma,True,False
2026-04-09,Tarde,R01,Norte,Viação Alfa,13:45,13:48,3.0,36.0,7.6,Nenhuma,True,False
2026-04-09,Tarde,R02,Norte,Viação Alfa,13:45,13:45,0.0,42.0,7.6,Nenhuma,True,False
2026-04-09,Tarde,R03,Leste,Viação Beta,13:45,13:48,3.0,44.0,7.6,Nenhuma,True,False
2026-04-09,Tarde,R04,Sul,Viação Alfa,13:45,13:45,0.0,33.0,7.6,Nenhuma,True,False
2026-04-09,Tarde,R05,Leste,Viação Beta,13:45,13:52,7.0,37.0,7.6,Nenhuma,False,False
2026-04-09,Tarde,R06,Oeste,Viação Alfa,13:45,13:46,1.0,38.0,7.6,Nenhuma,True,False
2026-04-09,Tarde,R07,Centro-Sul,Viação Beta,13:45,13:44,-1.0,41.0,7.6,Nenhuma,True,False
2026-04-09,Tarde,R08,Norte,Viação Beta,13:45,13:44,-1.0,32.0,7.6,Nenhuma,True,False
2026-04-09,Noite,R01,Norte,Viação Alfa,21:45,21:44,-1.0,37.0,0.0,Nenhuma,True,False
2026-04-09,Noite,R02,Norte,Viação Alfa,21:45,21:43,-2.0,37.0,0.0,Nenhuma,True,False
2026-04-09,Noite,R03,Leste,Viação Beta,21:45,21:42,-3.0,37.0,0.0,Nenhuma,True,False
2026-04-09,Noite,R04,Sul,Viação Alfa,21:45,21:37,-8.0,32.0,0.0,Nenhuma,True,False
2026-04-09,Noite,R05,Leste,Viação Beta,21:45,21:37,-8.0,42.0,0.0,Nenhuma,True,False
2026-04-09,Noite,R06,Oeste,Viação Alfa,21:45,22:26,41.0,34.0,0.0,Pane mecânica,False,True
2026-04-09,Noite,R07,Centro-Sul,Viação Beta,21:45,21:38,-7.0,33.0,0.0,Nenhuma,True,False
2026-04-09,Noite,R08,Norte,Viação Beta,21:45,21:45,0.0,40.0,0.0,Nenhuma,True,False
2026-04-10,Manhã,R01,Norte,Viação Alfa,05:45,05:50,5.0,34.0,,Nenhuma,True,False
2026-04-10,Manhã,R02,Norte,Viação Alfa,05:45,05:38,-7.0,35.0,,Nenhuma,True,False
2026-04-10,Manhã,R03,Leste,Viação Beta,05:45,05:50,5.0,43.0,,Nenhuma,True,False
2026-04-10,Manhã,R04,Sul,Viação Alfa,05:45,05:39,-6.0,35.0,,Nenhuma,True,False
2026-04-10,Manhã,R05,Leste,Viação Beta,05:45,05:59,14.0,37.0,,Nenhuma,False,False
2026-04-10,Manhã,R06,Oeste,Viação Alfa,05:45,05:46,1.0,31.0,,Nenhuma,True,False
2026-04-10,Manhã,R07,Centro-Sul,Viação Beta,05:45,05:44,-1.0,36.0,,Nenhuma,True,False
2026-04-10,Manhã,R08,Norte,Viação Beta,05:45,05:44,-1.0,44.0,,Nenhuma,True,False
2026-04-10,Tarde,R01,Norte,Viação Alfa,13:45,13:47,2.0,38.0,,Nenhuma,True,False
2026-04-10,Tarde,R02,Norte,Viação Alfa,13:45,13:39,-6.0,36.0,,Nenhuma,True,False
2026-04-10,Tarde,R03,Leste,Viação Beta,13:45,13:52,7.0,35.0,,Nenhuma,False,False
2026-04-10,Tarde,R04,Sul,Viação Alfa,13:45,13:45,0.0,39.0,,Nenhuma,True,False
2026-04-10,Tarde,R05,Leste,Viação Beta,13:45,13:56,11.0,36.0,,Nenhuma,False,False
2026-04-10,Tarde,R06,Oeste,Viação Alfa,13:45,13:42,-3.0,41.0,,Nenhuma,True,False
2026-04-10,Tarde,R07,Centro-Sul,Viação Beta,13:45,13:40,-5.0,34.0,,Nenhuma,True,False
2026-04-10,Tarde,R08,Norte,Viação Beta,13:45,13:41,-4.0,37.0,,Nenhuma,True,False
2026-04-10,Noite,R01,Norte,Viação Alfa,21:45,21:52,7.0,39.0,,Chuva forte,False,False
2026-04-10,Noite,R02,Norte,Viação Alfa,21:45,21:54,9.0,41.0,,Chuva forte,False,False
2026-04-10,Noite,R03,Leste,Viação Beta,21:45,21:47,2.0,37.0,,Chuva forte,True,False
2026-04-10,Noite,R04,Sul,Viação Alfa,21:45,21:48,3.0,41.0,,Chuva forte,True,False
2026-04-10,Noite,R05,Leste,Viação Beta,21:45,21:48,3.0,36.0,,Chuva forte,True,False
2026-04-10,Noite,R06,Oeste,Viação Alfa,21:45,21:58,13.0,35.0,,Chuva forte,False,False
2026-04-10,Noite,R07,Centro-Sul,Viação Beta,21:45,21:45,0.0,41.0,,Chuva forte,True,False
2026-04-10,Noite,R08,Norte,Viação Beta,21:45,21:53,8.0,41.0,,Chuva forte,False,False
2026-04-11,Manhã,R01,Norte,Viação Alfa,05:45,05:43,-2.0,33.0,6.2,Nenhuma,True,False
2026-04-11,Manhã,R02,Norte,Viação Alfa,05:45,05:42,-3.0,34.0,6.2,Nenhuma,True,False
2026-04-11,Manhã,R03,Leste,Viação Beta,05:45,06:01,16.0,37.0,6.2,Obra na via,False,True
2026-04-11,Manhã,R04,Sul,Viação Alfa,05:45,05:44,-1.0,33.0,6.2,Nenhuma,True,False
2026-04-11,Manhã,R05,Leste,Viação Beta,05:45,05:57,12.0,35.0,6.2,Nenhuma,False,False
2026-04-11,Manhã,R06,Oeste,Viação Alfa,05:45,05:43,-2.0,43.0,6.2,Nenhuma,True,False
2026-04-11,Manhã,R07,Centro-Sul,Viação Beta,05:45,05:41,-4.0,40.0,6.2,Nenhuma,True,False
2026-04-11,Manhã,R08,Norte,Viação Beta,05:45,05:51,6.0,43.0,6.2,Nenhuma,False,False
2026-04-11,Tarde,R01,Norte,Viação Alfa,13:45,13:40,-5.0,39.0,0.6,Nenhuma,True,False
2026-04-11,Tarde,R02,Norte,Viação Alfa,13:45,13:46,1.0,33.0,0.6,Nenhuma,True,False
2026-04-11,Tarde,R03,Leste,Viação Beta,13:45,13:55,10.0,35.0,0.6,Nenhuma,False,False
2026-04-11,Tarde,R04,Sul,Viação Alfa,13:45,13:46,1.0,36.0,0.6,Nenhuma,True,False
2026-04-11,Tarde,R05,Leste,Viação Beta,13:45,13:46,1.0,41.0,0.6,Nenhuma,True,False
2026-04-11,Tarde,R06,Oeste,Viação Alfa,13:45,13:40,-5.0,40.0,0.6,Nenhuma,True,False
2026-04-11,Tarde,R07,Centro-Sul,Viação Beta,13:45,13:42,-3.0,37.0,0.6,Nenhuma,True,False
2026-04-11,Tarde,R08,Norte,Viação Beta,13:45,13:41,-4.0,35.0,0.6,Nenhuma,True,False
2026-04-11,Noite,R01,Norte,Viação Alfa,21:45,21:40,-5.0,41.0,0.0,Nenhuma,True,False
2026-04-11,Noite,R02,Norte,Viação Alfa,21:45,21:45,0.0,38.0,0.0,Nenhuma,True,False
2026-04-11,Noite,R03,Leste,Viação Beta,21:45,21:37,-8.0,43.0,0.0,Nenhuma,True,False
2026-04-11,Noite,R04,Sul,Viação Alfa,21:45,21:43,-2.0,41.0,0.0,Nenhuma,True,False
2026-04-11,Noite,R05,Leste,Viação Beta,21:45,21:45,0.0,37.0,0.0,Nenhuma,True,False
2026-04-11,Noite,R06,Oeste,Viação Alfa,21:45,21:42,-3.0,40.0,0.0,Nenhuma,True,False
2026-04-11,Noite,R07,Centro-Sul,Viação Beta,21:45,21:39,-6.0,36.0,0.0,Nenhuma,True,False
2026-04-11,Noite,R08,Norte,Viação Beta,21:45,21:39,-6.0,33.0,0.0,Nenhuma,True,False
2026-04-13,Manhã,R01,Norte,Viação Alfa,05:45,05:40,-5.0,35.0,8.4,Nenhuma,True,False
2026-04-13,Manhã,R02,Norte,Viação Alfa,05:45,05:50,5.0,37.0,8.4,Nenhuma,True,False
2026-04-13,Manhã,R03,Leste,Viação Beta,05:45,06:09,24.0,39.0,8.4,Obra na via,False,True
2026-04-13,Manhã,R04,Sul,Viação Alfa,05:45,05:47,2.0,44.0,8.4,Nenhuma,True,False
2026-04-13,Manhã,R05,Leste,Viação Beta,05:45,06:11,26.0,33.0,8.4,Nenhuma,False,True
2026-04-13,Manhã,R06,Oeste,Viação Alfa,05:45,05:49,4.0,39.0,8.4,Nenhuma,True,False
2026-04-13,Manhã,R07,Centro-Sul,Viação Beta,05:45,05:42,-3.0,38.0,8.4,Nenhuma,True,False
2026-04-13,Manhã,R08,Norte,Viação Beta,05:45,05:47,2.0,32.0,8.4,Nenhuma,True,False
2026-04-13,Tarde,R01,Norte,Viação Alfa,13:45,13:46,1.0,32.0,11.0,Nenhuma,True,False
2026-04-13,Tarde,R02,Norte,Viação Alfa,13:45,13:47,2.0,39.0,11.0,Nenhuma,True,False
2026-04-13,Tarde,R03,Leste,Viação Beta,13:45,13:55,10.0,42.0,11.0,Nenhuma,False,False
2026-04-13,Tarde,R04,Sul,Viação Alfa,13:45,13:43,-2.0,43.0,11.0,Nenhuma,True,False
2026-04-13,Tarde,R05,Leste,Viação Beta,13:45,13:57,12.0,35.0,11.0,Nenhuma,False,False
2026-04-13,Tarde,R06,Oeste,Viação Alfa,13:45,13:45,0.0,39.0,11.0,Nenhuma,True,False
2026-04-13,Tarde,R07,Centro-Sul,Viação Beta,13:45,13:46,1.0,41.0,11.0,Nenhuma,True,False
2026-04-13,Tarde,R08,Norte,Viação Beta,13:45,13:49,4.0,35.0,11.0,Nenhuma,True,False
2026-04-13,Noite,R01,Norte,Viação Alfa,21:45,21:42,-3.0,34.0,0.0,Nenhuma,True,False
2026-04-13,Noite,R02,Norte,Viação Alfa,21:45,21:40,-5.0,44.0,0.0,Nenhuma,True,False
2026-04-13,Noite,R03,Leste,Viação Beta,21:45,21:42,-3.0,36.0,0.0,Nenhuma,True,False
2026-04-13,Noite,R04,Sul,Viação Alfa,21:45,21:38,-7.0,42.0,0.0,Nenhuma,True,False
2026-04-13,Noite,R05,Leste,Viação Beta,21:45,21:40,-5.0,33.0,0.0,Nenhuma,True,False
2026-04-13,Noite,R06,Oeste,Viação Alfa,21:45,21:38,-7.0,41.0,0.0,Nenhuma,True,False
2026-04-13,Noite,R07,Centro-Sul,Viação Beta,21:45,21:34,-11.0,38.0,0.0,Nenhuma,True,False
2026-04-13,Noite,R08,Norte,Viação Beta,21:45,21:36,-9.0,39.0,0.0,Nenhuma,True,False
2026-04-14,Manhã,R01,Norte,Viação Alfa,05:45,05:54,9.0,32.0,43.1,Chuva forte,False,False
2026-04-14,Manhã,R02,Norte,Viação Alfa,05:45,06:00,15.0,34.0,43.1,Chuva forte,False,False
2026-04-14,Manhã,R03,Leste,Viação Beta,05:45,06:15,30.0,38.0,43.1,Chuva forte,False,True
2026-04-14,Manhã,R04,Sul,Viação Alfa,05:45,05:51,6.0,37.0,43.1,Chuva forte,False,False
2026-04-14,Manhã,R05,Leste,Viação Beta,05:45,06:10,25.0,41.0,43.1,Obra na via,False,True
2026-04-14,Manhã,R06,Oeste,Viação Alfa,05:45,05:53,8.0,44.0,43.1,Chuva forte,False,False
2026-04-14,Manhã,R07,Centro-Sul,Viação Beta,05:45,05:55,10.0,30.0,43.1,Chuva forte,False,False
2026-04-14,Manhã,R08,Norte,Viação Beta,05:45,05:57,12.0,40.0,43.1,Chuva forte,False,False
2026-04-14,Tarde,R01,Norte,Viação Alfa,13:45,13:56,11.0,36.0,28.4,Chuva forte,False,False
2026-04-14,Tarde,R02,Norte,Viação Alfa,13:45,13:55,10.0,34.0,28.4,Chuva forte,False,False
2026-04-14,Tarde,R03,Leste,Viação Beta,13:45,13:58,13.0,40.0,28.4,Chuva forte,False,False
2026-04-14,Tarde,R04,Sul,Viação Alfa,13:45,13:54,9.0,35.0,28.4,Chuva forte,False,False
2026-04-14,Tarde,R05,Leste,Viação Beta,13:45,14:05,20.0,40.0,28.4,Obra na via,False,True
2026-04-14,Tarde,R06,Oeste,Viação Alfa,13:45,13:53,8.0,38.0,28.4,Chuva forte,False,False
2026-04-14,Tarde,R07,Centro-Sul,Viação Beta,13:45,13:52,7.0,41.0,28.4,Chuva forte,False,False
2026-04-14,Tarde,R08,Norte,Viação Beta,13:45,13:56,11.0,41.0,28.4,Chuva forte,False,False
2026-04-14,Noite,R01,Norte,Viação Alfa,21:45,21:43,-2.0,40.0,0.0,Nenhuma,True,False
2026-04-14,Noite,R02,Norte,Viação Alfa,21:45,21:36,-9.0,35.0,0.0,Nenhuma,True,False
2026-04-14,Noite,R03,Leste,Viação Beta,21:45,21:41,-4.0,44.0,0.0,Nenhuma,True,False
2026-04-14,Noite,R04,Sul,Viação Alfa,21:45,21:39,-6.0,44.0,0.0,Nenhuma,True,False
2026-04-14,Noite,R05,Leste,Viação Beta,21:45,21:40,-5.0,34.0,0.0,Nenhuma,True,False
2026-04-14,Noite,R06,Oeste,Viação Alfa,21:45,21:43,-2.0,44.0,0.0,Nenhuma,True,False
2026-04-14,Noite,R07,Centro-Sul,Viação Beta,21:45,21:42,-3.0,34.0,0.0,Nenhuma,True,False
2026-04-14,Noite,R08,Norte,Viação Beta,21:45,21:41,-4.0,36.0,0.0,Nenhuma,True,False
2026-04-15,Manhã,R01,Norte,Viação Alfa,05:45,05:46,1.0,31.0,4.1,Nenhuma,True,False
2026-04-15,Manhã,R02,Norte,Viação Alfa,05:45,05:43,-2.0,37.0,4.1,Nenhuma,True,False
2026-04-15,Manhã,R03,Leste,Viação Beta,05:45,05:56,11.0,38.0,4.1,Nenhuma,False,False
2026-04-15,Manhã,R04,Sul,Viação Alfa,05:45,05:41,-4.0,43.0,4.1,Nenhuma,True,False
2026-04-15,Manhã,R05,Leste,Viação Beta,05:45,06:02,17.0,30.0,4.1,Nenhuma,False,True
2026-04-15,Manhã,R06,Oeste,Viação Alfa,05:45,05:41,-4.0,42.0,4.1,Nenhuma,True,False
2026-04-15,Manhã,R07,Centro-Sul,Viação Beta,05:45,05:45,0.0,44.0,4.1,Nenhuma,True,False
2026-04-15,Manhã,R08,Norte,Viação Beta,05:45,05:44,-1.0,35.0,4.1,Nenhuma,True,False
2026-04-15,Tarde,R01,Norte,Viação Alfa,13:45,13:39,-6.0,43.0,0.0,Nenhuma,True,False
2026-04-15,Tarde,R02,Norte,Viação Alfa,13:45,13:44,-1.0,36.0,0.0,Nenhuma,True,False
2026-04-15,Tarde,R03,Leste,Viação Beta,13:45,13:50,5.0,34.0,0.0,Nenhuma,True,False
2026-04-15,Tarde,R04,Sul,Viação Alfa,13:45,13:40,-5.0,37.0,0.0,Nenhuma,True,False
2026-04-15,Tarde,R05,Leste,Viação Beta,13:45,13:52,7.0,33.0,0.0,Nenhuma,False,False
2026-04-15,Tarde,R06,Oeste,Viação Alfa,13:45,13:41,-4.0,37.0,0.0,Nenhuma,True,False
2026-04-15,Tarde,R07,Centro-Sul,Viação Beta,13:45,13:39,-6.0,33.0,0.0,Nenhuma,True,False
2026-04-15,Tarde,R08,Norte,Viação Beta,13:45,13:45,0.0,39.0,0.0,Nenhuma,True,False
2026-04-15,Noite,R01,Norte,Viação Alfa,21:45,21:42,-3.0,32.0,1.0,Nenhuma,True,False
2026-04-15,Noite,R02,Norte,Viação Alfa,21:45,21:44,-1.0,39.0,1.0,Nenhuma,True,False
2026-04-15,Noite,R03,Leste,Viação Beta,21:45,21:44,-1.0,33.0,1.0,Nenhuma,True,False
2026-04-15,Noite,R04,Sul,Viação Alfa,21:45,21:41,-4.0,38.0,1.0,Nenhuma,True,False
2026-04-15,Noite,R05,Leste,Viação Beta,21:45,21:47,2.0,36.0,1.0,Nenhuma,True,False
2026-04-15,Noite,R06,Oeste,Viação Alfa,21:45,21:41,-4.0,31.0,1.0,Nenhuma,True,False
2026-04-15,Noite,R07,Centro-Sul,Viação Beta,21:45,21:43,-2.0,34.0,1.0,Nenhuma,True,False
2026-04-15,Noite,R08,Norte,Viação Beta,21:45,21:42,-3.0,38.0,1.0,Nenhuma,True,False
2026-04-16,Manhã,R01,Norte,Viação Alfa,05:45,05:43,-2.0,39.0,0.0,Nenhuma,True,False
2026-04-16,Manhã,R02,Norte,Viação Alfa,05:45,05:41,-4.0,37.0,0.0,Nenhuma,True,False
2026-04-16,Manhã,R03,Leste,Viação Beta,05:45,06:06,21.0,39.0,0.0,Nenhuma,False,True
2026-04-16,Manhã,R04,Sul,Viação Alfa,05:45,05:42,-3.0,39.0,0.0,Nenhuma,True,False
2026-04-16,Manhã,R05,Leste,Viação Beta,05:45,05:59,14.0,38.0,0.0,Nenhuma,False,False
2026-04-16,Manhã,R06,Oeste,Viação Alfa,05:45,05:50,5.0,44.0,0.0,Trânsito intenso,True,False
2026-04-16,Manhã,R07,Centro-Sul,Viação Beta,05:45,05:46,1.0,40.0,0.0,Nenhuma,True,False
2026-04-16,Manhã,R08,Norte,Viação Beta,05:45,05:42,-3.0,37.0,0.0,Nenhuma,True,False
2026-04-16,Tarde,R01,Norte,Viação Alfa,13:45,13:44,-1.0,31.0,0.0,Nenhuma,True,False
2026-04-16,Tarde,R02,Norte,Viação Alfa,13:45,13:43,-2.0,35.0,0.0,Nenhuma,True,False
2026-04-16,Tarde,R03,Leste,Viação Beta,13:45,14:02,17.0,35.0,0.0,Nenhuma,False,True
2026-04-16,Tarde,R04,Sul,Viação Alfa,13:45,13:52,7.0,35.0,0.0,Trânsito intenso,False,False
2026-04-16,Tarde,R05,Leste,Viação Beta,13:45,13:49,4.0,35.0,0.0,Nenhuma,True,False
2026-04-16,Tarde,R06,Oeste,Viação Alfa,13:45,13:43,-2.0,41.0,0.0,Nenhuma,True,False
2026-04-16,Tarde,R07,Centro-Sul,Viação Beta,13:45,13:44,-1.0,43.0,0.0,Nenhuma,True,False
2026-04-16,Tarde,R08,Norte,Viação Beta,13:45,13:36,-9.0,33.0,0.0,Nenhuma,True,False
2026-04-16,Noite,R01,Norte,Viação Alfa,21:45,21:43,-2.0,37.0,15.8,Nenhuma,True,False
2026-04-16,Noite,R02,Norte,Viação Alfa,21:45,21:39,-6.0,42.0,15.8,Nenhuma,True,False
2026-04-16,Noite,R03,Leste,Viação Beta,21:45,21:47,2.0,38.0,15.8,Nenhuma,True,False
2026-04-16,Noite,R04,Sul,Viação Alfa,21:45,21:53,8.0,41.0,15.8,Nenhuma,False,False
2026-04-16,Noite,R05,Leste,Viação Beta,21:45,21:46,1.0,43.0,15.8,Nenhuma,True,False
2026-04-16,Noite,R06,Oeste,Viação Alfa,21:45,21:44,-1.0,37.0,15.8,Nenhuma,True,False
2026-04-16,Noite,R07,Centro-Sul,Viação Beta,21:45,21:49,4.0,33.0,15.8,Nenhuma,True,False
2026-04-16,Noite,R08,Norte,Viação Beta,21:45,21:47,2.0,37.0,15.8,Nenhuma,True,False
2026-04-17,Manhã,R01,Norte,Viação Alfa,05:45,05:48,3.0,39.0,14.6,Nenhuma,True,False
2026-04-17,Manhã,R02,Norte,Viação Alfa,05:45,05:39,-6.0,36.0,14.6,Nenhuma,True,False
2026-04-17,Manhã,R03,Leste,Viação Beta,05:45,06:13,28.0,41.0,14.6,Nenhuma,False,True
2026-04-17,Manhã,R04,Sul,Viação Alfa,05:45,05:43,-2.0,34.0,14.6,Nenhuma,True,False
2026-04-17,Manhã,R05,Leste,Viação Beta,05:45,06:04,19.0,38.0,14.6,Obra na via,False,True
2026-04-17,Manhã,R06,Oeste,Viação Alfa,05:45,05:49,4.0,42.0,14.6,Nenhuma,True,False
2026-04-17,Manhã,R07,Centro-Sul,Viação Beta,05:45,05:47,2.0,39.0,14.6,Nenhuma,True,False
2026-04-17,Manhã,R08,Norte,Viação Beta,05:45,05:46,1.0,36.0,14.6,Nenhuma,True,False
2026-04-17,Tarde,R01,Norte,Viação Alfa,13:45,13:43,-2.0,42.0,0.0,Nenhuma,True,False
2026-04-17,Tarde,R02,Norte,Viação Alfa,13:45,13:44,-1.0,31.0,0.0,Nenhuma,True,False
2026-04-17,Tarde,R03,Leste,Viação Beta,13:45,13:52,7.0,32.0,0.0,Nenhuma,False,False
2026-04-17,Tarde,R04,Sul,Viação Alfa,13:45,13:41,-4.0,34.0,0.0,Nenhuma,True,False
2026-04-17,Tarde,R05,Leste,Viação Beta,13:45,13:57,12.0,39.0,0.0,Nenhuma,False,False
2026-04-17,Tarde,R06,Oeste,Viação Alfa,13:45,13:39,-6.0,43.0,0.0,Nenhuma,True,False
2026-04-17,Tarde,R07,Centro-Sul,Viação Beta,13:45,13:44,-1.0,29.0,0.0,Nenhuma,True,False
2026-04-17,Tarde,R08,Norte,Viação Beta,13:45,13:46,1.0,38.0,0.0,Nenhuma,True,False
2026-04-17,Noite,R01,Norte,Viação Alfa,21:45,21:50,5.0,37.0,27.2,Chuva forte,True,False
2026-04-17,Noite,R02,Norte,Viação Alfa,21:45,21:49,4.0,38.0,27.2,Chuva forte,True,False
2026-04-17,Noite,R03,Leste,Viação Beta,21:45,21:50,5.0,35.0,27.2,Chuva forte,True,False
2026-04-17,Noite,R04,Sul,Viação Alfa,21:45,21:52,7.0,37.0,27.2,Chuva forte,False,False
2026-04-17,Noite,R05,Leste,Viação Beta,21:45,21:50,5.0,37.0,27.2,Chuva forte,True,False
2026-04-17,Noite,R06,Oeste,Viação Alfa,21:45,21:55,10.0,34.0,27.2,Chuva forte,False,False
2026-04-17,Noite,R07,Centro-Sul,Viação Beta,21:45,21:52,7.0,37.0,27.2,Chuva forte,False,False
2026-04-17,Noite,R08,Norte,Viação Beta,21:45,21:53,8.0,35.0,27.2,Chuva forte,False,False
2026-04-18,Manhã,R01,Norte,Viação Alfa,05:45,05:41,-4.0,34.0,0.0,Nenhuma,True,False
2026-04-18,Manhã,R02,Norte,Viação Alfa,05:45,05:42,-3.0,39.0,0.0,Nenhuma,True,False
2026-04-18,Manhã,R03,Leste,Viação Beta,05:45,05:59,14.0,34.0,0.0,Obra na via,False,False
2026-04-18,Manhã,R04,Sul,Viação Alfa,05:45,05:43,-2.0,39.0,0.0,Nenhuma,True,False
2026-04-18,Manhã,R05,Leste,Viação Beta,05:45,05:57,12.0,43.0,0.0,Nenhuma,False,False
2026-04-18,Manhã,R06,Oeste,Viação Alfa,05:45,05:43,-2.0,35.0,0.0,Nenhuma,True,False
2026-04-18,Manhã,R07,Centro-Sul,Viação Beta,05:45,05:41,-4.0,32.0,0.0,Nenhuma,True,False
2026-04-18,Manhã,R08,Norte,Viação Beta,05:45,05:42,-3.0,33.0,0.0,Nenhuma,True,False
2026-04-18,Tarde,R01,Norte,Viação Alfa,13:45,13:42,-3.0,35.0,0.0,Nenhuma,True,False
2026-04-18,Tarde,R02,Norte,Viação Alfa,13:45,13:49,4.0,39.0,0.0,Nenhuma,True,False
2026-04-18,Tarde,R03,Leste,Viação Beta,13:45,13:56,11.0,31.0,0.0,Nenhuma,False,False
2026-04-18,Tarde,R04,Sul,Viação Alfa,13:45,13:41,-4.0,38.0,0.0,Nenhuma,True,False
2026-04-18,Tarde,R05,Leste,Viação Beta,13:45,13:50,5.0,34.0,0.0,Nenhuma,True,False
2026-04-18,Tarde,R06,Oeste,Viação Alfa,13:45,13:46,1.0,36.0,0.0,Nenhuma,True,False
2026-04-18,Tarde,R07,Centro-Sul,Viação Beta,13:45,13:39,-6.0,37.0,0.0,Nenhuma,True,False
2026-04-18,Tarde,R08,Norte,Viação Beta,13:45,13:39,-6.0,40.0,0.0,Nenhuma,True,False
2026-04-18,Noite,R01,Norte,Viação Alfa,21:45,21:41,-4.0,34.0,0.0,Nenhuma,True,False
2026-04-18,Noite,R02,Norte,Viação Alfa,21:45,21:34,-11.0,44.0,0.0,Nenhuma,True,False
2026-04-18,Noite,R03,Leste,Viação Beta,21:45,21:38,-7.0,38.0,0.0,Nenhuma,True,False
2026-04-18,Noite,R04,Sul,Viação Alfa,21:45,21:43,-2.0,44.0,0.0,Nenhuma,True,False
2026-04-18,Noite,R05,Leste,Viação Beta,21:45,21:43,-2.0,36.0,0.0,Nenhuma,True,False
2026-04-18,Noite,R06,Oeste,Viação Alfa,21:45,21:40,-5.0,41.0,0.0,Nenhuma,True,False
2026-04-18,Noite,R07,Centro-Sul,Viação Beta,21:45,21:36,-9.0,40.0,0.0,Nenhuma,True,False
2026-04-18,Noite,R08,Norte,Viação Beta,21:45,21:41,-4.0,29.0,0.0,Nenhuma,True,False
2026-04-20,Manhã,R01,Norte,Viação Alfa,05:45,05:55,10.0,44.0,23.7,Chuva forte,False,False
2026-04-20,Manhã,R02,Norte,Viação Alfa,05:45,05:44,-1.0,34.0,23.7,Chuva forte,True,False
2026-04-20,Manhã,R03,Leste,Viação Beta,05:45,06:05,20.0,39.0,23.7,Obra na via,False,True
2026-04-20,Manhã,R04,Sul,Viação Alfa,05:45,05:50,5.0,33.0,23.7,Chuva forte,True,False
2026-04-20,Manhã,R05,Leste,Viação Beta,05:45,06:06,21.0,34.0,23.7,Chuva forte,False,True
2026-04-20,Manhã,R06,Oeste,Viação Alfa,05:45,05:48,3.0,37.0,23.7,Chuva forte,True,False
2026-04-20,Manhã,R07,Centro-Sul,Viação Beta,05:45,05:48,3.0,39.0,23.7,Chuva forte,True,False
2026-04-20,Manhã,R08,Norte,Viação Beta,05:45,05:50,5.0,37.0,23.7,Chuva forte,True,False
2026-04-20,Tarde,R01,Norte,Viação Alfa,13:45,13:39,-6.0,36.0,0.0,Nenhuma,True,False
2026-04-20,Tarde,R02,Norte,Viação Alfa,13:45,13:45,0.0,39.0,0.0,Nenhuma,True,False
2026-04-20,Tarde,R03,Leste,Viação Beta,13:45,13:48,3.0,41.0,0.0,Nenhuma,True,False
2026-04-20,Tarde,R04,Sul,Viação Alfa,13:45,13:38,-7.0,28.0,0.0,Nenhuma,True,False
2026-04-20,Tarde,R05,Leste,Viação Beta,13:45,13:50,5.0,33.0,0.0,Nenhuma,True,False
2026-04-20,Tarde,R06,Oeste,Viação Alfa,13:45,13:44,-1.0,38.0,0.0,Nenhuma,True,False
2026-04-20,Tarde,R07,Centro-Sul,Viação Beta,13:45,13:42,-3.0,36.0,0.0,Nenhuma,True,False
2026-04-20,Tarde,R08,Norte,Viação Beta,13:45,13:38,-7.0,35.0,0.0,Nenhuma,True,False
2026-04-20,Noite,R01,Norte,Viação Alfa,21:45,21:43,-2.0,37.0,0.5,Nenhuma,True,False
2026-04-20,Noite,R02,Norte,Viação Alfa,21:45,21:40,-5.0,44.0,0.5,Nenhuma,True,False
2026-04-20,Noite,R03,Leste,Viação Beta,21:45,21:42,-3.0,36.0,0.5,Nenhuma,True,False
2026-04-20,Noite,R04,Sul,Viação Alfa,21:45,21:42,-3.0,42.0,0.5,Nenhuma,True,False
2026-04-20,Noite,R05,Leste,Viação Beta,21:45,21:42,-3.0,40.0,0.5,Nenhuma,True,False
2026-04-20,Noite,R06,Oeste,Viação Alfa,21:45,21:36,-9.0,44.0,0.5,Nenhuma,True,False
2026-04-20,Noite,R07,Centro-Sul,Viação Beta,21:45,21:39,-6.0,37.0,0.5,Nenhuma,True,False
2026-04-20,Noite,R08,Norte,Viação Beta,21:45,21:41,-4.0,38.0,0.5,Nenhuma,True,False
2026-04-21,Manhã,R01,Norte,Viação Alfa,05:45,05:52,7.0,36.0,23.4,Chuva forte,False,False
2026-04-21,Manhã,R02,Norte,Viação Alfa,05:45,05:51,6.0,37.0,23.4,Chuva forte,False,False
2026-04-21,Manhã,R03,Leste,Viação Beta,05:45,06:10,25.0,40.0,23.4,Chuva forte,False,True
2026-04-21,Manhã,R04,Sul,Viação Alfa,05:45,05:51,6.0,35.0,23.4,Chuva forte,False,False
2026-04-21,Manhã,R05,Leste,Viação Beta,05:45,06:10,25.0,34.0,23.4,Chuva forte,False,True
2026-04-21,Manhã,R06,Oeste,Viação Alfa,05:45,05:55,10.0,32.0,23.4,Chuva forte,False,False
2026-04-21,Manhã,R07,Centro-Sul,Viação Beta,05:45,17:49,,44.0,23.4,Chuva forte,,
2026-04-21,Manhã,R08,Norte,Viação Beta,05:45,05:46,1.0,40.0,23.4,Chuva forte,True,False
2026-04-21,Tarde,R01,Norte,Viação Alfa,13:45,13:43,-2.0,44.0,0.0,Nenhuma,True,False
2026-04-21,Tarde,R02,Norte,Viação Alfa,13:45,13:43,-2.0,42.0,0.0,Nenhuma,True,False
2026-04-21,Tarde,R03,Leste,Viação Beta,13:45,13:53,8.0,40.0,0.0,Obra na via,False,False
2026-04-21,Tarde,R04,Sul,Viação Alfa,13:45,13:40,-5.0,36.0,0.0,Nenhuma,True,False
2026-04-21,Tarde,R05,Leste,Viação Beta,13:45,13:47,2.0,34.0,0.0,Nenhuma,True,False
2026-04-21,Tarde,R06,Oeste,Viação Alfa,13:45,13:40,-5.0,43.0,0.0,Nenhuma,True,False
2026-04-21,Tarde,R07,Centro-Sul,Viação Beta,13:45,13:41,-4.0,43.0,0.0,Nenhuma,True,False
2026-04-21,Tarde,R08,Norte,Viação Beta,13:45,13:40,-5.0,41.0,0.0,Nenhuma,True,False
2026-04-21,Noite,R01,Norte,Viação Alfa,21:45,21:45,0.0,37.0,0.0,Nenhuma,True,False
2026-04-21,Noite,R02,Norte,Viação Alfa,21:45,21:36,-9.0,33.0,0.0,Nenhuma,True,False
2026-04-21,Noite,R03,Leste,Viação Beta,21:45,21:34,-11.0,39.0,0.0,Nenhuma,True,False
2026-04-21,Noite,R04,Sul,Viação Alfa,21:45,21:37,-8.0,43.0,0.0,Nenhuma,True,False
2026-04-21,Noite,R05,Leste,Viação Beta,21:45,21:41,-4.0,38.0,0.0,Nenhuma,True,False
2026-04-21,Noite,R06,Oeste,Viação Alfa,21:45,21:39,-6.0,40.0,0.0,Nenhuma,True,False
2026-04-21,Noite,R07,Centro-Sul,Viação Beta,21:45,21:45,0.0,29.0,0.0,Nenhuma,True,False
2026-04-21,Noite,R08,Norte,Viação Beta,21:45,21:40,-5.0,33.0,0.0,Nenhuma,True,False
2026-04-22,Manhã,R01,Norte,Viação Alfa,05:45,05:42,-3.0,29.0,0.0,Nenhuma,True,False
2026-04-22,Manhã,R02,Norte,Viação Alfa,05:45,05:36,-9.0,34.0,0.0,Nenhuma,True,False
2026-04-22,Manhã,R03,Leste,Viação Beta,05:45,06:04,19.0,43.0,0.0,Nenhuma,False,True
2026-04-22,Manhã,R04,Sul,Viação Alfa,05:45,05:42,-3.0,33.0,0.0,Nenhuma,True,False
2026-04-22,Manhã,R05,Leste,Viação Beta,05:45,05:52,7.0,35.0,0.0,Nenhuma,False,False
2026-04-22,Manhã,R06,Oeste,Viação Alfa,05:45,05:42,-3.0,32.0,0.0,Nenhuma,True,False
2026-04-22,Manhã,R07,Centro-Sul,Viação Beta,05:45,05:46,1.0,38.0,0.0,Nenhuma,True,False
2026-04-22,Manhã,R08,Norte,Viação Beta,05:45,06:26,41.0,40.0,0.0,Pane mecânica,False,True
2026-04-22,Tarde,R01,Norte,Viação Alfa,13:45,13:43,-2.0,41.0,1.0,Nenhuma,True,False
2026-04-22,Tarde,R02,Norte,Viação Alfa,13:45,13:41,-4.0,36.0,1.0,Nenhuma,True,False
2026-04-22,Tarde,R03,Leste,Viação Beta,13:45,13:55,10.0,36.0,1.0,Obra na via,False,False
2026-04-22,Tarde,R04,Sul,Viação Alfa,13:45,13:45,0.0,35.0,1.0,Nenhuma,True,False
2026-04-22,Tarde,R05,Leste,Viação Beta,13:45,13:50,5.0,39.0,1.0,Nenhuma,True,False
2026-04-22,Tarde,R06,Oeste,Viação Alfa,13:45,13:42,-3.0,38.0,1.0,Nenhuma,True,False
2026-04-22,Tarde,R07,Centro-Sul,Viação Beta,13:45,13:37,-8.0,43.0,1.0,Nenhuma,True,False
2026-04-22,Tarde,R08,Norte,Viação Beta,13:45,13:41,-4.0,36.0,1.0,Nenhuma,True,False
2026-04-22,Noite,R01,Norte,Viação Alfa,21:45,21:41,-4.0,37.0,0.0,Nenhuma,True,False
2026-04-22,Noite,R02,Norte,Viação Alfa,21:45,21:42,-3.0,37.0,0.0,Nenhuma,True,False
2026-04-22,Noite,R03,Leste,Viação Beta,21:45,21:38,-7.0,30.0,0.0,Nenhuma,True,False
2026-04-22,Noite,R04,Sul,Viação Alfa,21:45,21:43,-2.0,37.0,0.0,Nenhuma,True,False
2026-04-22,Noite,R05,Leste,Viação Beta,21:45,21:36,-9.0,37.0,0.0,Nenhuma,True,False
2026-04-22,Noite,R06,Oeste,Viação Alfa,21:45,22:12,27.0,36.0,0.0,Pane mecânica,False,True
2026-04-22,Noite,R07,Centro-Sul,Viação Beta,21:45,21:41,-4.0,34.0,0.0,Nenhuma,True,False
2026-04-22,Noite,R08,Norte,Viação Beta,21:45,21:43,-2.0,38.0,0.0,Nenhuma,True,False
2026-04-23,Manhã,R01,Norte,Viação Alfa,05:45,05:43,-2.0,34.0,0.0,Nenhuma,True,False
2026-04-23,Manhã,R02,Norte,Viação Alfa,05:45,05:36,-9.0,39.0,0.0,Nenhuma,True,False
2026-04-23,Manhã,R03,Leste,Viação Beta,05:45,05:58,13.0,35.0,0.0,Nenhuma,False,False
2026-04-23,Manhã,R04,Sul,Viação Alfa,05:45,05:37,-8.0,34.0,0.0,Nenhuma,True,False
2026-04-23,Manhã,R05,Leste,Viação Beta,05:45,05:58,13.0,39.0,0.0,Nenhuma,False,False
2026-04-23,Manhã,R06,Oeste,Viação Alfa,05:45,05:45,0.0,30.0,0.0,Nenhuma,True,False
2026-04-23,Manhã,R07,Centro-Sul,Viação Beta,05:45,05:39,-6.0,40.0,0.0,Nenhuma,True,False
2026-04-23,Manhã,R08,Norte,Viação Beta,05:45,05:39,-6.0,43.0,0.0,Nenhuma,True,False
2026-04-23,Tarde,R01,Norte,Viação Alfa,13:45,13:41,-4.0,37.0,9.9,Nenhuma,True,False
2026-04-23,Tarde,R02,Norte,Viação Alfa,13:45,13:39,-6.0,44.0,9.9,Nenhuma,True,False
2026-04-23,Tarde,R03,Leste,Viação Beta,13:45,13:57,12.0,34.0,9.9,Nenhuma,False,False
2026-04-23,Tarde,R04,Sul,Viação Alfa,13:45,13:47,2.0,42.0,9.9,Nenhuma,True,False
2026-04-23,Tarde,R05,Leste,Viação Beta,13:45,14:00,15.0,38.0,9.9,Nenhuma,False,False
2026-04-23,Tarde,R06,Oeste,Viação Alfa,13:45,13:41,-4.0,43.0,9.9,Nenhuma,True,False
2026-04-23,Tarde,R07,Centro-Sul,Viação Beta,13:45,13:46,1.0,37.0,9.9,Nenhuma,True,False
2026-04-23,Tarde,R08,Norte,Viação Beta,13:45,13:44,-1.0,44.0,9.9,Nenhuma,True,False
2026-04-23,Noite,R01,Norte,Viação Alfa,21:45,21:41,-4.0,39.0,2.3,Nenhuma,True,False
2026-04-23,Noite,R02,Norte,Viação Alfa,21:45,21:40,-5.0,38.0,2.3,Nenhuma,True,False
2026-04-23,Noite,R03,Leste,Viação Beta,21:45,21:41,-4.0,39.0,2.3,Nenhuma,True,False
2026-04-23,Noite,R04,Sul,Viação Alfa,21:45,21:41,-4.0,37.0,2.3,Nenhuma,True,False
2026-04-23,Noite,R05,Leste,Viação Beta,21:45,21:36,-9.0,35.0,2.3,Nenhuma,True,False
2026-04-23,Noite,R06,Oeste,Viação Alfa,21:45,21:40,-5.0,34.0,2.3,Nenhuma,True,False
2026-04-23,Noite,R07,Centro-Sul,Viação Beta,21:45,21:40,-5.0,38.0,2.3,Nenhuma,True,False
2026-04-23,Noite,R08,Norte,Viação Beta,21:45,21:38,-7.0,33.0,2.3,Nenhuma,True,False
2026-04-24,Manhã,R01,Norte,Viação Alfa,05:45,05:43,-2.0,33.0,0.3,Nenhuma,True,False
2026-04-24,Manhã,R02,Norte,Viação Alfa,05:45,05:47,2.0,36.0,0.3,Nenhuma,True,False
2026-04-24,Manhã,R03,Leste,Viação Beta,05:45,06:00,15.0,44.0,0.3,Nenhuma,False,False
2026-04-24,Manhã,R04,Sul,Viação Alfa,05:45,05:55,10.0,40.0,0.3,Pane mecânica,False,False
2026-04-24,Manhã,R05,Leste,Viação Beta,05:45,06:01,16.0,37.0,0.3,Nenhuma,False,True
2026-04-24,Manhã,R06,Oeste,Viação Alfa,05:45,05:45,0.0,37.0,0.3,Nenhuma,True,False
2026-04-24,Manhã,R07,Centro-Sul,Viação Beta,05:45,05:43,-2.0,36.0,0.3,Nenhuma,True,False
2026-04-24,Manhã,R08,Norte,Viação Beta,05:45,05:40,-5.0,44.0,0.3,Nenhuma,True,False
2026-04-24,Tarde,R01,Norte,Viação Alfa,13:45,13:52,7.0,44.0,26.6,Chuva forte,False,False
2026-04-24,Tarde,R02,Norte,Viação Alfa,13:45,13:51,6.0,42.0,26.6,Chuva forte,False,False
2026-04-24,Tarde,R03,Leste,Viação Beta,13:45,14:03,18.0,33.0,26.6,Chuva forte,False,True
2026-04-24,Tarde,R04,Sul,Viação Alfa,13:45,13:53,8.0,40.0,26.6,Chuva forte,False,False
2026-04-24,Tarde,R05,Leste,Viação Beta,13:45,14:00,15.0,34.0,26.6,Chuva forte,False,False
2026-04-24,Tarde,R06,Oeste,Viação Alfa,13:45,13:51,6.0,32.0,26.6,Chuva forte,False,False
2026-04-24,Tarde,R07,Centro-Sul,Viação Beta,13:45,13:57,12.0,34.0,26.6,Chuva forte,False,False
2026-04-24,Tarde,R08,Norte,Viação Beta,13:45,13:55,10.0,36.0,26.6,Chuva forte,False,False
2026-04-24,Noite,R01,Norte,Viação Alfa,21:45,21:44,-1.0,36.0,5.5,Nenhuma,True,False
2026-04-24,Noite,R02,Norte,Viação Alfa,21:45,21:40,-5.0,40.0,5.5,Nenhuma,True,False
2026-04-24,Noite,R03,Leste,Viação Beta,21:45,21:41,-4.0,37.0,5.5,Nenhuma,True,False
2026-04-24,Noite,R04,Sul,Viação Alfa,21:45,21:44,-1.0,39.0,5.5,Nenhuma,True,False
2026-04-24,Noite,R05,Leste,Viação Beta,21:45,21:44,-1.0,36.0,5.5,Nenhuma,True,False
2026-04-24,Noite,R06,Oeste,Viação Alfa,21:45,21:48,3.0,31.0,5.5,Nenhuma,True,False
2026-04-24,Noite,R07,Centro-Sul,Viação Beta,21:45,21:44,-1.0,,5.5,Nenhuma,True,False
2026-04-24,Noite,R08,Norte,Viação Beta,21:45,21:40,-5.0,37.0,5.5,Nenhuma,True,False
2026-04-25,Manhã,R01,Norte,Viação Alfa,05:45,05:45,0.0,37.0,1.1,Nenhuma,True,False
2026-04-25,Manhã,R02,Norte,Viação Alfa,05:45,05:47,2.0,40.0,1.1,Nenhuma,True,False
2026-04-25,Manhã,R03,Leste,Viação Beta,05:45,06:02,17.0,36.0,1.1,Nenhuma,False,True
2026-04-25,Manhã,R04,Sul,Viação Alfa,05:45,05:38,-7.0,41.0,1.1,Nenhuma,True,False
2026-04-25,Manhã,R05,Leste,Viação Beta,05:45,05:59,14.0,40.0,1.1,Nenhuma,False,False
2026-04-25,Manhã,R06,Oeste,Viação Alfa,05:45,05:40,-5.0,38.0,1.1,Nenhuma,True,False
2026-04-25,Manhã,R07,Centro-Sul,Viação Beta,05:45,05:45,0.0,39.0,1.1,Nenhuma,True,False
2026-04-25,Manhã,R08,Norte,Viação Beta,05:45,05:49,4.0,36.0,1.1,Nenhuma,True,False
2026-04-25,Tarde,R01,Norte,Viação Alfa,13:45,13:38,-7.0,33.0,0.0,Nenhuma,True,False
2026-04-25,Tarde,R02,Norte,Viação Alfa,13:45,13:56,11.0,37.0,0.0,Trânsito intenso,False,False
2026-04-25,Tarde,R03,Leste,Viação Beta,13:45,13:53,8.0,35.0,0.0,Nenhuma,False,False
2026-04-25,Tarde,R04,Sul,Viação Alfa,13:45,13:39,-6.0,39.0,0.0,Nenhuma,True,False
2026-04-25,Tarde,R05,Leste,Viação Beta,13:45,13:51,6.0,44.0,0.0,Nenhuma,False,False
2026-04-25,Tarde,R06,Oeste,Viação Alfa,13:45,13:42,-3.0,33.0,0.0,Nenhuma,True,False
2026-04-25,Tarde,R07,Centro-Sul,Viação Beta,13:45,13:41,-4.0,40.0,0.0,Nenhuma,True,False
2026-04-25,Tarde,R08,Norte,Viação Beta,13:45,13:39,-6.0,39.0,0.0,Nenhuma,True,False
2026-04-25,Noite,R01,Norte,Viação Alfa,21:45,21:42,-3.0,40.0,3.6,Nenhuma,True,False
2026-04-25,Noite,R02,Norte,Viação Alfa,21:45,21:37,-8.0,35.0,3.6,Nenhuma,True,False
2026-04-25,Noite,R03,Leste,Viação Beta,21:45,21:45,0.0,35.0,3.6,Nenhuma,True,False
2026-04-25,Noite,R04,Sul,Viação Alfa,21:45,21:42,-3.0,36.0,3.6,Nenhuma,True,False
2026-04-25,Noite,R05,Leste,Viação Beta,21:45,21:39,-6.0,40.0,3.6,Nenhuma,True,False
2026-04-25,Noite,R06,Oeste,Viação Alfa,21:45,21:39,-6.0,44.0,3.6,Nenhuma,True,False
2026-04-25,Noite,R07,Centro-Sul,Viação Beta,21:45,21:47,2.0,,3.6,Nenhuma,True,False
2026-04-25,Noite,R08,Norte,Viação Beta,21:45,21:35,-10.0,40.0,3.6,Nenhuma,True,False
2026-04-27,Manhã,R01,Norte,Viação Alfa,05:45,05:45,0.0,39.0,4.0,Nenhuma,True,False
2026-04-27,Manhã,R02,Norte,Viação Alfa,05:45,05:40,-5.0,31.0,4.0,Nenhuma,True,False
2026-04-27,Manhã,R03,Leste,Viação Beta,05:45,06:09,24.0,40.0,4.0,Obra na via,False,True
2026-04-27,Manhã,R04,Sul,Viação Alfa,05:45,05:49,4.0,34.0,4.0,Nenhuma,True,False
2026-04-27,Manhã,R05,Leste,Viação Beta,05:45,06:01,16.0,42.0,4.0,Nenhuma,False,True
2026-04-27,Manhã,R06,Oeste,Viação Alfa,05:45,05:47,2.0,34.0,4.0,Nenhuma,True,False
2026-04-27,Manhã,R07,Centro-Sul,Viação Beta,05:45,06:05,20.0,37.0,4.0,Pneu furado,False,True
2026-04-27,Manhã,R08,Norte,Viação Beta,05:45,05:38,-7.0,38.0,4.0,Nenhuma,True,False
2026-04-27,Tarde,R01,Norte,Viação Alfa,13:45,13:41,-4.0,29.0,0.0,Nenhuma,True,False
2026-04-27,Tarde,R02,Norte,Viação Alfa,13:45,13:40,-5.0,35.0,0.0,Nenhuma,True,False
2026-04-27,Tarde,R03,Leste,Viação Beta,13:45,13:54,9.0,39.0,0.0,Nenhuma,False,False
2026-04-27,Tarde,R04,Sul,Viação Alfa,13:45,13:44,-1.0,42.0,0.0,Nenhuma,True,False
2026-04-27,Tarde,R05,Leste,Viação Beta,13:45,14:23,38.0,38.0,0.0,Pneu furado,False,True
2026-04-27,Tarde,R06,Oeste,Viação Alfa,13:45,13:42,-3.0,36.0,0.0,Nenhuma,True,False
2026-04-27,Tarde,R07,Centro-Sul,Viação Beta,13:45,13:35,-10.0,37.0,0.0,Nenhuma,True,False
2026-04-27,Tarde,R08,Norte,Viação Beta,13:45,13:42,-3.0,32.0,0.0,Nenhuma,True,False
2026-04-27,Noite,R01,Norte,Viação Alfa,21:45,21:44,-1.0,43.0,1.6,Nenhuma,True,False
2026-04-27,Noite,R02,Norte,Viação Alfa,21:45,21:42,-3.0,37.0,1.6,Nenhuma,True,False
2026-04-27,Noite,R03,Leste,Viação Beta,21:45,21:45,0.0,34.0,1.6,Nenhuma,True,False
2026-04-27,Noite,R04,Sul,Viação Alfa,21:45,21:42,-3.0,36.0,1.6,Nenhuma,True,False
2026-04-27,Noite,R05,Leste,Viação Beta,21:45,21:45,0.0,44.0,1.6,Nenhuma,True,False
2026-04-27,Noite,R06,Oeste,Viação Alfa,21:45,21:42,-3.0,30.0,1.6,Nenhuma,True,False
2026-04-27,Noite,R07,Centro-Sul,Viação Beta,21:45,21:43,-2.0,35.0,1.6,Nenhuma,True,False
2026-04-27,Noite,R08,Norte,Viação Beta,21:45,21:42,-3.0,44.0,1.6,Nenhuma,True,False
2026-04-28,Manhã,R01,Norte,Viação Alfa,05:45,05:42,-3.0,35.0,10.2,Nenhuma,True,False
2026-04-28,Manhã,R02,Norte,Viação Alfa,05:45,05:43,-2.0,43.0,10.2,Nenhuma,True,False
2026-04-28,Manhã,R03,Leste,Viação Beta,05:45,06:08,23.0,40.0,10.2,Nenhuma,False,True
2026-04-28,Manhã,R04,Sul,Viação Alfa,05:45,05:42,-3.0,31.0,10.2,Nenhuma,True,False
2026-04-28,Manhã,R05,Leste,Viação Beta,05:45,06:00,15.0,38.0,10.2,Nenhuma,False,False
2026-04-28,Manhã,R06,Oeste,Viação Alfa,05:45,05:39,-6.0,41.0,10.2,Nenhuma,True,False
2026-04-28,Manhã,R07,Centro-Sul,Viação Beta,05:45,05:47,2.0,36.0,10.2,Nenhuma,True,False
2026-04-28,Manhã,R08,Norte,Viação Beta,05:45,05:46,1.0,34.0,10.2,Nenhuma,True,False
2026-04-28,Tarde,R01,Norte,Viação Alfa,13:45,13:41,-4.0,31.0,6.4,Nenhuma,True,False
2026-04-28,Tarde,R02,Norte,Viação Alfa,13:45,13:46,1.0,37.0,6.4,Nenhuma,True,False
2026-04-28,Tarde,R03,Leste,Viação Beta,13:45,13:56,11.0,31.0,6.4,Obra na via,False,False
2026-04-28,Tarde,R04,Sul,Viação Alfa,13:45,13:42,-3.0,34.0,6.4,Nenhuma,True,False
2026-04-28,Tarde,R05,Leste,Viação Beta,13:45,13:55,10.0,32.0,6.4,Nenhuma,False,False
2026-04-28,Tarde,R06,Oeste,Viação Alfa,13:45,13:48,3.0,36.0,6.4,Nenhuma,True,False
2026-04-28,Tarde,R07,Centro-Sul,Viação Beta,13:45,13:46,1.0,32.0,6.4,Nenhuma,True,False
2026-04-28,Tarde,R08,Norte,Viação Beta,13:45,13:40,-5.0,36.0,6.4,Nenhuma,True,False
2026-04-28,Noite,R01,Norte,Viação Alfa,21:45,21:43,-2.0,42.0,0.0,Nenhuma,True,False
2026-04-28,Noite,R02,Norte,Viação Alfa,21:45,21:38,-7.0,42.0,0.0,Nenhuma,True,False
2026-04-28,Noite,R03,Leste,Viação Beta,21:45,21:37,-8.0,30.0,0.0,Nenhuma,True,False
2026-04-28,Noite,R04,Sul,Viação Alfa,21:45,21:42,-3.0,41.0,0.0,Nenhuma,True,False
2026-04-28,Noite,R05,Leste,Viação Beta,21:45,21:37,-8.0,37.0,0.0,Nenhuma,True,False
2026-04-28,Noite,R06,Oeste,Viação Alfa,21:45,21:35,-10.0,38.0,0.0,Nenhuma,True,False
2026-04-28,Noite,R07,Centro-Sul,Viação Beta,21:45,21:38,-7.0,35.0,0.0,Nenhuma,True,False
2026-04-28,Noite,R08,Norte,Viação Beta,21:45,21:39,-6.0,35.0,0.0,Nenhuma,True,False
2026-04-29,Manhã,R01,Norte,Viação Alfa,05:45,05:36,-9.0,33.0,0.0,Nenhuma,True,False
2026-04-29,Manhã,R02,Norte,Viação Alfa,05:45,05:43,-2.0,34.0,0.0,Nenhuma,True,False
2026-04-29,Manhã,R03,Leste,Viação Beta,05:45,05:52,7.0,42.0,0.0,Obra na via,False,False
2026-04-29,Manhã,R04,Sul,Viação Alfa,05:45,05:47,2.0,37.0,0.0,Nenhuma,True,False
2026-04-29,Manhã,R05,Leste,Viação Beta,05:45,05:53,8.0,35.0,0.0,Obra na via,False,False
2026-04-29,Manhã,R06,Oeste,Viação Alfa,05:45,05:43,-2.0,35.0,0.0,Nenhuma,True,False
2026-04-29,Manhã,R07,Centro-Sul,Viação Beta,05:45,05:43,-2.0,34.0,0.0,Nenhuma,True,False
2026-04-29,Manhã,R08,Norte,Viação Beta,05:45,05:41,-4.0,41.0,0.0,Nenhuma,True,False
2026-04-29,Tarde,R01,Norte,Viação Alfa,13:45,14:15,30.0,39.0,92.6,Chuva forte,False,True
2026-04-29,Tarde,R02,Norte,Viação Alfa,13:45,14:13,28.0,39.0,92.6,Chuva forte,False,True
2026-04-29,Tarde,R03,Leste,Viação Beta,13:45,14:32,47.0,34.0,92.6,Chuva forte,False,True
2026-04-29,Tarde,R04,Sul,Viação Alfa,13:45,14:17,32.0,29.0,92.6,Chuva forte,False,True
2026-04-29,Tarde,R05,Leste,Viação Beta,13:45,14:19,34.0,32.0,92.6,Chuva forte,False,True
2026-04-29,Tarde,R06,Oeste,Viação Alfa,13:45,14:15,30.0,44.0,92.6,Chuva forte,False,True
2026-04-29,Tarde,R07,Centro-Sul,Viação Beta,13:45,14:17,32.0,34.0,92.6,Chuva forte,False,True
2026-04-29,Tarde,R08,Norte,Viação Beta,13:45,14:17,32.0,39.0,92.6,Chuva forte,False,True
2026-04-29,Noite,R01,Norte,Viação Alfa,21:45,21:47,2.0,38.0,10.5,Nenhuma,True,False
2026-04-29,Noite,R02,Norte,Viação Alfa,21:45,21:40,-5.0,41.0,10.5,Nenhuma,True,False
2026-04-29,Noite,R03,Leste,Viação Beta,21:45,21:46,1.0,40.0,10.5,Nenhuma,True,False
2026-04-29,Noite,R04,Sul,Viação Alfa,21:45,21:57,12.0,36.0,10.5,Pneu furado,False,False
2026-04-29,Noite,R05,Leste,Viação Beta,21:45,21:45,0.0,35.0,10.5,Nenhuma,True,False
2026-04-29,Noite,R06,Oeste,Viação Alfa,21:45,21:47,2.0,36.0,10.5,Nenhuma,True,False
2026-04-29,Noite,R07,Centro-Sul,Viação Beta,21:45,21:45,0.0,39.0,10.5,Nenhuma,True,False
2026-04-29,Noite,R08,Norte,Viação Beta,21:45,21:41,-4.0,40.0,10.5,Nenhuma,True,False
2026-04-30,Manhã,R01,Norte,Viação Alfa,05:45,05:41,-4.0,44.0,1.3,Nenhuma,True,False
2026-04-30,Manhã,R02,Norte,Viação Alfa,05:45,05:45,0.0,28.0,1.3,Nenhuma,True,False
2026-04-30,Manhã,R03,Leste,Viação Beta,05:45,06:01,16.0,35.0,1.3,Nenhuma,False,True
2026-04-30,Manhã,R04,Sul,Viação Alfa,05:45,05:42,-3.0,35.0,1.3,Nenhuma,True,False
2026-04-30,Manhã,R05,Leste,Viação Beta,05:45,05:57,12.0,36.0,1.3,Nenhuma,False,False
2026-04-30,Manhã,R06,Oeste,Viação Alfa,05:45,05:41,-4.0,34.0,1.3,Nenhuma,True,False
2026-04-30,Manhã,R07,Centro-Sul,Viação Beta,05:45,05:35,-10.0,41.0,1.3,Nenhuma,True,False
2026-04-30,Manhã,R08,Norte,Viação Beta,05:45,17:39,,40.0,1.3,Nenhuma,,
2026-04-30,Tarde,R01,Norte,Viação Alfa,13:45,13:46,1.0,42.0,16.0,Nenhuma,True,False
2026-04-30,Tarde,R02,Norte,Viação Alfa,13:45,13:48,3.0,38.0,16.0,Nenhuma,True,False
2026-04-30,Tarde,R03,Leste,Viação Beta,13:45,14:01,16.0,36.0,16.0,Obra na via,False,True
2026-04-30,Tarde,R04,Sul,Viação Alfa,13:45,13:52,7.0,37.0,16.0,Nenhuma,False,False
2026-04-30,Tarde,R05,Leste,Viação Beta,13:45,13:56,11.0,34.0,16.0,Nenhuma,False,False
2026-04-30,Tarde,R06,Oeste,Viação Alfa,13:45,13:43,-2.0,38.0,16.0,Nenhuma,True,False
2026-04-30,Tarde,R07,Centro-Sul,Viação Beta,13:45,13:46,1.0,33.0,16.0,Nenhuma,True,False
2026-04-30,Tarde,R08,Norte,Viação Beta,13:45,13:51,6.0,41.0,16.0,Nenhuma,False,False
2026-04-30,Noite,R01,Norte,Viação Alfa,21:45,21:43,-2.0,32.0,0.0,Nenhuma,True,False
2026-04-30,Noite,R02,Norte,Viação Alfa,21:45,21:39,-6.0,37.0,0.0,Nenhuma,True,False
2026-04-30,Noite,R03,Leste,Viação Beta,21:45,21:42,-3.0,43.0,0.0,Nenhuma,True,False
2026-04-30,Noite,R04,Sul,Viação Alfa,21:45,21:42,-3.0,38.0,0.0,Nenhuma,True,False
2026-04-30,Noite,R05,Leste,Viação Beta,21:45,21:39,-6.0,37.0,0.0,Nenhuma,True,False
2026-04-30,Noite,R06,Oeste,Viação Alfa,21:45,21:38,-7.0,37.0,0.0,Nenhuma,True,False
2026-04-30,Noite,R07,Centro-Sul,Viação Beta,21:45,21:41,-4.0,43.0,0.0,Nenhuma,True,False
2026-04-30,Noite,R08,Norte,Viação Beta,21:45,21:42,-3.0,40.0,0.0,Nenhuma,True,False
2026-05-01,Manhã,R01,Norte,Viação Alfa,05:45,05:45,0.0,40.0,0.0,Nenhuma,True,False
2026-05-01,Manhã,R02,Norte,Viação Alfa,05:45,05:41,-4.0,31.0,0.0,Nenhuma,True,False
2026-05-01,Manhã,R03,Leste,Viação Beta,05:45,05:53,8.0,38.0,0.0,Nenhuma,False,False
2026-05-01,Manhã,R04,Sul,Viação Alfa,05:45,05:46,1.0,36.0,0.0,Nenhuma,True,False
2026-05-01,Manhã,R05,Leste,Viação Beta,05:45,06:00,15.0,30.0,0.0,Nenhuma,False,False
2026-05-01,Manhã,R06,Oeste,Viação Alfa,05:45,05:44,-1.0,38.0,0.0,Nenhuma,True,False
2026-05-01,Manhã,R07,Centro-Sul,Viação Beta,05:45,05:50,5.0,36.0,0.0,Nenhuma,True,False
2026-05-01,Manhã,R08,Norte,Viação Beta,05:45,05:42,-3.0,31.0,0.0,Nenhuma,True,False
2026-05-01,Tarde,R01,Norte,Viação Alfa,13:45,13:42,-3.0,35.0,0.0,Nenhuma,True,False
2026-05-01,Tarde,R02,Norte,Viação Alfa,13:45,14:00,15.0,40.0,0.0,Pane mecânica,False,False
2026-05-01,Tarde,R03,Leste,Viação Beta,13:45,13:52,7.0,40.0,0.0,Nenhuma,False,False
2026-05-01,Tarde,R04,Sul,Viação Alfa,13:45,13:42,-3.0,44.0,0.0,Nenhuma,True,False
2026-05-01,Tarde,R05,Leste,Viação Beta,13:45,14:13,28.0,33.0,0.0,Trânsito intenso,False,True
2026-05-01,Tarde,R06,Oeste,Viação Alfa,13:45,13:47,2.0,38.0,0.0,Nenhuma,True,False
2026-05-01,Tarde,R07,Centro-Sul,Viação Beta,13:45,13:38,-7.0,40.0,0.0,Nenhuma,True,False
2026-05-01,Tarde,R08,Norte,Viação Beta,13:45,13:42,-3.0,32.0,0.0,Nenhuma,True,False
2026-05-01,Noite,R01,Norte,Viação Alfa,21:45,21:47,2.0,39.0,0.0,Trânsito intenso,True,False
2026-05-01,Noite,R02,Norte,Viação Alfa,21:45,21:38,-7.0,36.0,0.0,Nenhuma,True,False
2026-05-01,Noite,R03,Leste,Viação Beta,21:45,21:40,-5.0,39.0,0.0,Nenhuma,True,False
2026-05-01,Noite,R04,Sul,Viação Alfa,21:45,21:41,-4.0,39.0,0.0,Nenhuma,True,False
2026-05-01,Noite,R05,Leste,Viação Beta,21:45,21:38,-7.0,43.0,0.0,Nenhuma,True,False
2026-05-01,Noite,R06,Oeste,Viação Alfa,21:45,21:40,-5.0,34.0,0.0,Nenhuma,True,False
2026-05-01,Noite,R07,Centro-Sul,Viação Beta,21:45,21:41,-4.0,44.0,0.0,Nenhuma,True,False
2026-05-01,Noite,R08,Norte,Viação Beta,21:45,21:42,-3.0,43.0,0.0,Nenhuma,True,False
2026-05-02,Manhã,R01,Norte,Viação Alfa,05:45,05:42,-3.0,42.0,0.0,Nenhuma,True,False
2026-05-02,Manhã,R02,Norte,Viação Alfa,05:45,06:08,23.0,33.0,0.0,Pneu furado,False,True
2026-05-02,Manhã,R03,Leste,Viação Beta,05:45,06:00,15.0,41.0,0.0,Nenhuma,False,False
2026-05-02,Manhã,R04,Sul,Viação Alfa,05:45,05:45,0.0,33.0,0.0,Nenhuma,True,False
2026-05-02,Manhã,R05,Leste,Viação Beta,05:45,05:57,12.0,39.0,0.0,Nenhuma,False,False
2026-05-02,Manhã,R06,Oeste,Viação Alfa,05:45,05:38,-7.0,36.0,0.0,Nenhuma,True,False
2026-05-02,Manhã,R07,Centro-Sul,Viação Beta,05:45,05:45,0.0,35.0,0.0,Nenhuma,True,False
2026-05-02,Manhã,R08,Norte,Viação Beta,05:45,05:41,-4.0,37.0,0.0,Nenhuma,True,False
2026-05-02,Tarde,R01,Norte,Viação Alfa,13:45,13:46,1.0,37.0,0.0,Nenhuma,True,False
2026-05-02,Tarde,R02,Norte,Viação Alfa,13:45,13:43,-2.0,39.0,0.0,Nenhuma,True,False
2026-05-02,Tarde,R03,Leste,Viação Beta,13:45,13:44,-1.0,37.0,0.0,Nenhuma,True,False
2026-05-02,Tarde,R04,Sul,Viação Alfa,13:45,13:45,0.0,42.0,0.0,Nenhuma,True,False
2026-05-02,Tarde,R05,Leste,Viação Beta,13:45,13:50,5.0,36.0,0.0,Obra na via,True,False
2026-05-02,Tarde,R06,Oeste,Viação Alfa,13:45,13:45,0.0,38.0,0.0,Nenhuma,True,False
2026-05-02,Tarde,R07,Centro-Sul,Viação Beta,13:45,13:49,4.0,44.0,0.0,Nenhuma,True,False
2026-05-02,Tarde,R08,Norte,Viação Beta,13:45,13:36,-9.0,38.0,0.0,Nenhuma,True,False
2026-05-02,Noite,R01,Norte,Viação Alfa,21:45,21:41,-4.0,33.0,0.0,Nenhuma,True,False
2026-05-02,Noite,R02,Norte,Viação Alfa,21:45,21:44,-1.0,34.0,0.0,Nenhuma,True,False
2026-05-02,Noite,R03,Leste,Viação Beta,21:45,21:44,-1.0,39.0,0.0,Nenhuma,True,False
2026-05-02,Noite,R04,Sul,Viação Alfa,21:45,21:36,-9.0,44.0,0.0,Nenhuma,True,False
2026-05-02,Noite,R05,Leste,Viação Beta,21:45,21:40,-5.0,44.0,0.0,Nenhuma,True,False
2026-05-02,Noite,R06,Oeste,Viação Alfa,21:45,21:40,-5.0,25.0,0.0,Nenhuma,True,False
2026-05-02,Noite,R07,Centro-Sul,Viação Beta,21:45,21:41,-4.0,42.0,0.0,Nenhuma,True,False
2026-05-02,Noite,R08,Norte,Viação Beta,21:45,21:46,1.0,36.0,0.0,Nenhuma,True,False
2026-05-04,Manhã,R01,Norte,Viação Alfa,05:45,05:43,-2.0,38.0,2.1,Nenhuma,True,False
2026-05-04,Manhã,R02,Norte,Viação Alfa,05:45,05:45,0.0,39.0,2.1,Nenhuma,True,False
2026-05-04,Manhã,R03,Leste,Viação Beta,05:45,05:57,12.0,44.0,2.1,Nenhuma,False,False
2026-05-04,Manhã,R04,Sul,Viação Alfa,05:45,05:46,1.0,36.0,2.1,Nenhuma,True,False
2026-05-04,Manhã,R05,Leste,Viação Beta,05:45,06:02,17.0,40.0,2.1,Nenhuma,False,True
2026-05-04,Manhã,R06,Oeste,Viação Alfa,05:45,05:38,-7.0,43.0,2.1,Nenhuma,True,False
2026-05-04,Manhã,R07,Centro-Sul,Viação Beta,05:45,05:36,-9.0,37.0,2.1,Nenhuma,True,False
2026-05-04,Manhã,R08,Norte,Viação Beta,05:45,05:46,1.0,35.0,2.1,Nenhuma,True,False
2026-05-04,Tarde,R01,Norte,Viação Alfa,13:45,13:40,-5.0,30.0,0.0,Nenhuma,True,False
2026-05-04,Tarde,R02,Norte,Viação Alfa,13:45,13:39,-6.0,40.0,0.0,Nenhuma,True,False
2026-05-04,Tarde,R03,Leste,Viação Beta,13:45,13:43,-2.0,44.0,0.0,Nenhuma,True,False
2026-05-04,Tarde,R04,Sul,Viação Alfa,13:45,13:48,3.0,31.0,0.0,Nenhuma,True,False
2026-05-04,Tarde,R05,Leste,Viação Beta,13:45,13:54,9.0,34.0,0.0,Nenhuma,False,False
2026-05-04,Tarde,R06,Oeste,Viação Alfa,13:45,13:40,-5.0,38.0,0.0,Nenhuma,True,False
2026-05-04,Tarde,R07,Centro-Sul,Viação Beta,13:45,13:40,-5.0,38.0,0.0,Nenhuma,True,False
2026-05-04,Tarde,R08,Norte,Viação Beta,13:45,13:39,-6.0,40.0,0.0,Nenhuma,True,False
2026-05-04,Noite,R01,Norte,Viação Alfa,21:45,21:46,1.0,42.0,6.2,Nenhuma,True,False
2026-05-04,Noite,R02,Norte,Viação Alfa,21:45,21:44,-1.0,41.0,6.2,Nenhuma,True,False
2026-05-04,Noite,R03,Leste,Viação Beta,21:45,21:38,-7.0,36.0,6.2,Nenhuma,True,False
2026-05-04,Noite,R04,Sul,Viação Alfa,21:45,21:43,-2.0,40.0,6.2,Nenhuma,True,False
2026-05-04,Noite,R05,Leste,Viação Beta,21:45,21:39,-6.0,37.0,6.2,Nenhuma,True,False
2026-05-04,Noite,R06,Oeste,Viação Alfa,21:45,21:43,-2.0,34.0,6.2,Nenhuma,True,False
2026-05-04,Noite,R07,Centro-Sul,Viação Beta,21:45,21:42,-3.0,34.0,6.2,Nenhuma,True,False
2026-05-04,Noite,R08,Norte,Viação Beta,21:45,21:36,-9.0,39.0,6.2,Nenhuma,True,False
2026-05-05,Manhã,R01,Norte,Viação Alfa,05:45,05:46,1.0,38.0,0.0,Nenhuma,True,False
2026-05-05,Manhã,R02,Norte,Viação Alfa,05:45,05:41,-4.0,32.0,0.0,Nenhuma,True,False
2026-05-05,Manhã,R03,Leste,Viação Beta,05:45,06:02,17.0,27.0,0.0,Obra na via,False,True
2026-05-05,Manhã,R04,Sul,Viação Alfa,05:45,05:44,-1.0,44.0,0.0,Nenhuma,True,False
2026-05-05,Manhã,R05,Leste,Viação Beta,05:45,05:57,12.0,34.0,0.0,Nenhuma,False,False
2026-05-05,Manhã,R06,Oeste,Viação Alfa,05:45,05:38,-7.0,36.0,0.0,Nenhuma,True,False
2026-05-05,Manhã,R07,Centro-Sul,Viação Beta,05:45,05:47,2.0,35.0,0.0,Nenhuma,True,False
2026-05-05,Manhã,R08,Norte,Viação Beta,05:45,05:43,-2.0,34.0,0.0,Nenhuma,True,False
2026-05-05,Tarde,R01,Norte,Viação Alfa,13:45,13:44,-1.0,38.0,0.0,Nenhuma,True,False
2026-05-05,Tarde,R02,Norte,Viação Alfa,13:45,13:49,4.0,39.0,0.0,Nenhuma,True,False
2026-05-05,Tarde,R03,Leste,Viação Beta,13:45,14:01,16.0,41.0,0.0,Nenhuma,False,True
2026-05-05,Tarde,R04,Sul,Viação Alfa,13:45,13:41,-4.0,36.0,0.0,Nenhuma,True,False
2026-05-05,Tarde,R05,Leste,Viação Beta,13:45,13:41,-4.0,37.0,0.0,Nenhuma,True,False
2026-05-05,Tarde,R06,Oeste,Viação Alfa,13:45,13:42,-3.0,39.0,0.0,Nenhuma,True,False
2026-05-05,Tarde,R07,Centro-Sul,Viação Beta,13:45,13:46,1.0,38.0,0.0,Nenhuma,True,False
2026-05-05,Tarde,R08,Norte,Viação Beta,13:45,13:43,-2.0,44.0,0.0,Nenhuma,True,False
2026-05-05,Noite,R01,Norte,Viação Alfa,21:45,21:36,-9.0,38.0,0.0,Nenhuma,True,False
2026-05-05,Noite,R02,Norte,Viação Alfa,21:45,21:49,4.0,30.0,0.0,Trânsito intenso,True,False
2026-05-05,Noite,R03,Leste,Viação Beta,21:45,21:39,-6.0,34.0,0.0,Nenhuma,True,False
2026-05-05,Noite,R04,Sul,Viação Alfa,21:45,21:40,-5.0,36.0,0.0,Nenhuma,True,False
2026-05-05,Noite,R05,Leste,Viação Beta,21:45,21:42,-3.0,36.0,0.0,Nenhuma,True,False
2026-05-05,Noite,R06,Oeste,Viação Alfa,21:45,21:42,-3.0,41.0,0.0,Nenhuma,True,False
2026-05-05,Noite,R07,Centro-Sul,Viação Beta,21:45,21:40,-5.0,32.0,0.0,Nenhuma,True,False
2026-05-05,Noite,R08,Norte,Viação Beta,21:45,21:40,-5.0,39.0,0.0,Nenhuma,True,False
2026-05-06,Manhã,R01,Norte,Viação Alfa,05:45,05:37,-8.0,36.0,0.0,Nenhuma,True,False
2026-05-06,Manhã,R02,Norte,Viação Alfa,05:45,05:46,1.0,40.0,0.0,Nenhuma,True,False
2026-05-06,Manhã,R03,Leste,Viação Beta,05:45,05:56,11.0,42.0,0.0,Nenhuma,False,False
2026-05-06,Manhã,R04,Sul,Viação Alfa,05:45,05:45,0.0,32.0,0.0,Nenhuma,True,False
2026-05-06,Manhã,R05,Leste,Viação Beta,05:45,06:06,21.0,34.0,0.0,Nenhuma,False,True
2026-05-06,Manhã,R06,Oeste,Viação Alfa,05:45,05:39,-6.0,35.0,0.0,Nenhuma,True,False
2026-05-06,Manhã,R07,Centro-Sul,Viação Beta,05:45,05:39,-6.0,38.0,0.0,Nenhuma,True,False
2026-05-06,Manhã,R08,Norte,Viação Beta,05:45,05:35,-10.0,39.0,0.0,Nenhuma,True,False
2026-05-06,Tarde,R01,Norte,Viação Alfa,13:45,13:42,-3.0,44.0,4.3,Nenhuma,True,False
2026-05-06,Tarde,R02,Norte,Viação Alfa,13:45,13:50,5.0,35.0,4.3,Trânsito intenso,True,False
2026-05-06,Tarde,R03,Leste,Viação Beta,13:45,13:53,8.0,37.0,4.3,Nenhuma,False,False
2026-05-06,Tarde,R04,Sul,Viação Alfa,13:45,13:41,-4.0,41.0,4.3,Nenhuma,True,False
2026-05-06,Tarde,R05,Leste,Viação Beta,13:45,13:55,10.0,40.0,4.3,Obra na via,False,False
2026-05-06,Tarde,R06,Oeste,Viação Alfa,13:45,13:35,-10.0,44.0,4.3,Nenhuma,True,False
2026-05-06,Tarde,R07,Centro-Sul,Viação Beta,13:45,13:46,1.0,44.0,4.3,Nenhuma,True,False
2026-05-06,Tarde,R08,Norte,Viação Beta,13:45,13:40,-5.0,33.0,4.3,Nenhuma,True,False
2026-05-06,Noite,R01,Norte,Viação Alfa,21:45,21:43,-2.0,34.0,0.0,Nenhuma,True,False
2026-05-06,Noite,R02,Norte,Viação Alfa,21:45,21:38,-7.0,41.0,0.0,Nenhuma,True,False
2026-05-06,Noite,R03,Leste,Viação Beta,21:45,21:43,-2.0,36.0,0.0,Nenhuma,True,False
2026-05-06,Noite,R04,Sul,Viação Alfa,21:45,21:42,-3.0,41.0,0.0,Nenhuma,True,False
2026-05-06,Noite,R05,Leste,Viação Beta,21:45,21:35,-10.0,32.0,0.0,Nenhuma,True,False
2026-05-06,Noite,R06,Oeste,Viação Alfa,21:45,21:38,-7.0,41.0,0.0,Nenhuma,True,False
2026-05-06,Noite,R07,Centro-Sul,Viação Beta,21:45,21:44,-1.0,36.0,0.0,Nenhuma,True,False
2026-05-06,Noite,R08,Norte,Viação Beta,21:45,21:42,-3.0,32.0,0.0,Nenhuma,True,False
2026-05-07,Manhã,R01,Norte,Viação Alfa,05:45,05:39,-6.0,44.0,0.0,Nenhuma,True,False
2026-05-07,Manhã,R02,Norte,Viação Alfa,05:45,05:46,1.0,30.0,0.0,Nenhuma,True,False
2026-05-07,Manhã,R03,Leste,Viação Beta,05:45,05:44,-1.0,31.0,0.0,Obra na via,True,False
2026-05-07,Manhã,R04,Sul,Viação Alfa,05:45,05:42,-3.0,32.0,0.0,Nenhuma,True,False
2026-05-07,Manhã,R05,Leste,Viação Beta,05:45,05:59,14.0,32.0,0.0,Nenhuma,False,False
2026-05-07,Manhã,R06,Oeste,Viação Alfa,05:45,05:40,-5.0,41.0,0.0,Nenhuma,True,False
2026-05-07,Manhã,R07,Centro-Sul,Viação Beta,05:45,05:39,-6.0,43.0,0.0,Nenhuma,True,False
2026-05-07,Manhã,R08,Norte,Viação Beta,05:45,05:38,-7.0,39.0,0.0,Nenhuma,True,False
2026-05-07,Tarde,R01,Norte,Viação Alfa,13:45,13:40,-5.0,33.0,0.0,Nenhuma,True,False
2026-05-07,Tarde,R02,Norte,Viação Alfa,13:45,13:42,-3.0,33.0,0.0,Nenhuma,True,False
2026-05-07,Tarde,R03,Leste,Viação Beta,13:45,13:50,5.0,44.0,0.0,Nenhuma,True,False
2026-05-07,Tarde,R04,Sul,Viação Alfa,13:45,13:42,-3.0,33.0,0.0,Nenhuma,True,False
2026-05-07,Tarde,R05,Leste,Viação Beta,13:45,13:54,9.0,37.0,0.0,Obra na via,False,False
2026-05-07,Tarde,R06,Oeste,Viação Alfa,13:45,13:42,-3.0,37.0,0.0,Nenhuma,True,False
2026-05-07,Tarde,R07,Centro-Sul,Viação Beta,13:45,13:39,-6.0,40.0,0.0,Nenhuma,True,False
2026-05-07,Tarde,R08,Norte,Viação Beta,13:45,14:10,25.0,36.0,0.0,Pane mecânica,False,True
2026-05-07,Noite,R01,Norte,Viação Alfa,21:45,21:43,-2.0,38.0,0.0,Nenhuma,True,False
2026-05-07,Noite,R02,Norte,Viação Alfa,21:45,21:40,-5.0,41.0,0.0,Nenhuma,True,False
2026-05-07,Noite,R03,Leste,Viação Beta,21:45,21:44,-1.0,38.0,0.0,Nenhuma,True,False
2026-05-07,Noite,R04,Sul,Viação Alfa,21:45,21:44,-1.0,34.0,0.0,Nenhuma,True,False
2026-05-07,Noite,R05,Leste,Viação Beta,21:45,21:41,-4.0,32.0,0.0,Nenhuma,True,False
2026-05-07,Noite,R06,Oeste,Viação Alfa,21:45,21:42,-3.0,29.0,0.0,Nenhuma,True,False
2026-05-07,Noite,R07,Centro-Sul,Viação Beta,21:45,21:39,-6.0,41.0,0.0,Nenhuma,True,False
2026-05-07,Noite,R08,Norte,Viação Beta,21:45,21:43,-2.0,39.0,0.0,Nenhuma,True,False
2026-05-08,Manhã,R01,Norte,Viação Alfa,05:45,05:42,-3.0,35.0,0.0,Nenhuma,True,False
2026-05-08,Manhã,R02,Norte,Viação Alfa,05:45,05:44,-1.0,37.0,0.0,Nenhuma,True,False
2026-05-08,Manhã,R03,Leste,Viação Beta,05:45,05:47,2.0,35.0,0.0,Nenhuma,True,False
2026-05-08,Manhã,R04,Sul,Viação Alfa,05:45,05:44,-1.0,34.0,0.0,Nenhuma,True,False
2026-05-08,Manhã,R05,Leste,Viação Beta,05:45,05:57,12.0,36.0,0.0,Nenhuma,False,False
2026-05-08,Manhã,R06,Oeste,Viação Alfa,05:45,05:41,-4.0,28.0,0.0,Nenhuma,True,False
2026-05-08,Manhã,R07,Centro-Sul,Viação Beta,05:45,05:44,-1.0,41.0,0.0,Nenhuma,True,False
2026-05-08,Manhã,R08,Norte,Viação Beta,05:45,05:41,-4.0,31.0,0.0,Nenhuma,True,False
2026-05-08,Tarde,R01,Norte,Viação Alfa,13:45,13:39,-6.0,37.0,0.0,Nenhuma,True,False
2026-05-08,Tarde,R02,Norte,Viação Alfa,13:45,13:44,-1.0,42.0,0.0,Nenhuma,True,False
2026-05-08,Tarde,R03,Leste,Viação Beta,13:45,13:44,-1.0,40.0,0.0,Nenhuma,True,False
2026-05-08,Tarde,R04,Sul,Viação Alfa,13:45,13:43,-2.0,41.0,0.0,Nenhuma,True,False
2026-05-08,Tarde,R05,Leste,Viação Beta,13:45,14:01,16.0,29.0,0.0,Nenhuma,False,True
2026-05-08,Tarde,R06,Oeste,Viação Alfa,13:45,13:46,1.0,37.0,0.0,Nenhuma,True,False
2026-05-08,Tarde,R07,Centro-Sul,Viação Beta,13:45,13:42,-3.0,41.0,0.0,Nenhuma,True,False
2026-05-08,Tarde,R08,Norte,Viação Beta,13:45,13:41,-4.0,35.0,0.0,Nenhuma,True,False
2026-05-08,Noite,R01,Norte,Viação Alfa,21:45,21:38,-7.0,35.0,0.0,Nenhuma,True,False
2026-05-08,Noite,R02,Norte,Viação Alfa,21:45,21:39,-6.0,35.0,0.0,Nenhuma,True,False
2026-05-08,Noite,R03,Leste,Viação Beta,21:45,21:44,-1.0,37.0,0.0,Nenhuma,True,False
2026-05-08,Noite,R04,Sul,Viação Alfa,21:45,21:44,-1.0,35.0,0.0,Nenhuma,True,False
2026-05-08,Noite,R05,Leste,Viação Beta,21:45,21:46,1.0,38.0,0.0,Nenhuma,True,False
2026-05-08,Noite,R06,Oeste,Viação Alfa,21:45,21:40,-5.0,40.0,0.0,Nenhuma,True,False
2026-05-08,Noite,R07,Centro-Sul,Viação Beta,21:45,21:37,-8.0,36.0,0.0,Nenhuma,True,False
2026-05-08,Noite,R08,Norte,Viação Beta,21:45,21:41,-4.0,35.0,0.0,Nenhuma,True,False
2026-05-09,Manhã,R01,Norte,Viação Alfa,05:45,05:42,-3.0,36.0,0.0,Nenhuma,True,False
2026-05-09,Manhã,R02,Norte,Viação Alfa,05:45,05:42,-3.0,38.0,0.0,Nenhuma,True,False
2026-05-09,Manhã,R03,Leste,Viação Beta,05:45,06:01,16.0,42.0,0.0,Nenhuma,False,True
2026-05-09,Manhã,R04,Sul,Viação Alfa,05:45,17:44,,37.0,0.0,Nenhuma,,
2026-05-09,Manhã,R05,Leste,Viação Beta,05:45,06:33,48.0,39.0,0.0,Pane mecânica,False,True
2026-05-09,Manhã,R06,Oeste,Viação Alfa,05:45,05:45,0.0,43.0,0.0,Nenhuma,True,False
2026-05-09,Manhã,R07,Centro-Sul,Viação Beta,05:45,05:41,-4.0,36.0,0.0,Nenhuma,True,False
2026-05-09,Manhã,R08,Norte,Viação Beta,05:45,05:43,-2.0,34.0,0.0,Nenhuma,True,False
2026-05-09,Tarde,R01,Norte,Viação Alfa,13:45,13:42,-3.0,33.0,0.0,Nenhuma,True,False
2026-05-09,Tarde,R02,Norte,Viação Alfa,13:45,13:43,-2.0,44.0,0.0,Nenhuma,True,False
2026-05-09,Tarde,R03,Leste,Viação Beta,13:45,13:58,13.0,34.0,0.0,Obra na via,False,False
2026-05-09,Tarde,R04,Sul,Viação Alfa,13:45,13:44,-1.0,34.0,0.0,Nenhuma,True,False
2026-05-09,Tarde,R05,Leste,Viação Beta,13:45,13:55,10.0,35.0,0.0,Nenhuma,False,False
2026-05-09,Tarde,R06,Oeste,Viação Alfa,13:45,13:45,0.0,33.0,0.0,Nenhuma,True,False
2026-05-09,Tarde,R07,Centro-Sul,Viação Beta,13:45,13:42,-3.0,40.0,0.0,Nenhuma,True,False
2026-05-09,Tarde,R08,Norte,Viação Beta,13:45,13:42,-3.0,42.0,0.0,Nenhuma,True,False
2026-05-09,Noite,R01,Norte,Viação Alfa,21:45,21:48,3.0,33.0,8.9,Nenhuma,True,False
2026-05-09,Noite,R02,Norte,Viação Alfa,21:45,21:44,-1.0,33.0,8.9,Nenhuma,True,False
2026-05-09,Noite,R03,Leste,Viação Beta,21:45,21:42,-3.0,40.0,8.9,Nenhuma,True,False
2026-05-09,Noite,R04,Sul,Viação Alfa,21:45,21:47,2.0,39.0,8.9,Trânsito intenso,True,False
2026-05-09,Noite,R05,Leste,Viação Beta,21:45,21:42,-3.0,37.0,8.9,Nenhuma,True,False
2026-05-09,Noite,R06,Oeste,Viação Alfa,21:45,21:38,-7.0,44.0,8.9,Nenhuma,True,False
2026-05-09,Noite,R07,Centro-Sul,Viação Beta,21:45,21:43,-2.0,40.0,8.9,Nenhuma,True,False
2026-05-09,Noite,R08,Norte,Viação Beta,21:45,21:45,0.0,36.0,8.9,Nenhuma,True,False
2026-05-11,Manhã,R01,Norte,Viação Alfa,05:45,05:43,-2.0,32.0,0.0,Nenhuma,True,False
2026-05-11,Manhã,R02,Norte,Viação Alfa,05:45,05:43,-2.0,40.0,0.0,Nenhuma,True,False
2026-05-11,Manhã,R03,Leste,Viação Beta,05:45,05:57,12.0,31.0,0.0,Nenhuma,False,False
2026-05-11,Manhã,R04,Sul,Viação Alfa,05:45,05:43,-2.0,40.0,0.0,Nenhuma,True,False
2026-05-11,Manhã,R05,Leste,Viação Beta,05:45,06:07,22.0,41.0,0.0,Nenhuma,False,True
2026-05-11,Manhã,R06,Oeste,Viação Alfa,05:45,05:41,-4.0,39.0,0.0,Nenhuma,True,False
2026-05-11,Manhã,R07,Centro-Sul,Viação Beta,05:45,05:41,-4.0,44.0,0.0,Nenhuma,True,False
2026-05-11,Manhã,R08,Norte,Viação Beta,05:45,05:42,-3.0,37.0,0.0,Nenhuma,True,False
2026-05-11,Tarde,R01,Norte,Viação Alfa,13:45,13:46,1.0,37.0,0.0,Nenhuma,True,False
2026-05-11,Tarde,R02,Norte,Viação Alfa,13:45,14:05,20.0,35.0,0.0,Pneu furado,False,True
2026-05-11,Tarde,R03,Leste,Viação Beta,13:45,13:50,5.0,40.0,0.0,Nenhuma,True,False
2026-05-11,Tarde,R04,Sul,Viação Alfa,13:45,13:37,-8.0,44.0,0.0,Nenhuma,True,False
2026-05-11,Tarde,R05,Leste,Viação Beta,13:45,13:54,9.0,34.0,0.0,Nenhuma,False,False
2026-05-11,Tarde,R06,Oeste,Viação Alfa,13:45,13:37,-8.0,35.0,0.0,Nenhuma,True,False
2026-05-11,Tarde,R07,Centro-Sul,Viação Beta,13:45,13:41,-4.0,38.0,0.0,Nenhuma,True,False
2026-05-11,Tarde,R08,Norte,Viação Beta,13:45,13:41,-4.0,44.0,0.0,Nenhuma,True,False
2026-05-11,Noite,R01,Norte,Viação Alfa,21:45,21:39,-6.0,38.0,0.0,Nenhuma,True,False
2026-05-11,Noite,R02,Norte,Viação Alfa,21:45,21:43,-2.0,41.0,0.0,Nenhuma,True,False
2026-05-11,Noite,R03,Leste,Viação Beta,21:45,21:41,-4.0,43.0,0.0,Nenhuma,True,False
2026-05-11,Noite,R04,Sul,Viação Alfa,21:45,21:42,-3.0,41.0,0.0,Nenhuma,True,False
2026-05-11,Noite,R05,Leste,Viação Beta,21:45,21:33,-12.0,37.0,0.0,Nenhuma,True,False
2026-05-11,Noite,R06,Oeste,Viação Alfa,21:45,21:36,-9.0,35.0,0.0,Nenhuma,True,False
2026-05-11,Noite,R07,Centro-Sul,Viação Beta,21:45,21:44,-1.0,36.0,0.0,Nenhuma,True,False
2026-05-11,Noite,R08,Norte,Viação Beta,21:45,21:39,-6.0,43.0,0.0,Nenhuma,True,False
2026-05-12,Manhã,R01,Norte,Viação Alfa,05:45,05:51,6.0,35.0,10.2,Nenhuma,False,False
2026-05-12,Manhã,R02,Norte,Viação Alfa,05:45,05:43,-2.0,37.0,10.2,Nenhuma,True,False
2026-05-12,Manhã,R03,Leste,Viação Beta,05:45,06:09,24.0,35.0,10.2,Nenhuma,False,True
2026-05-12,Manhã,R04,Sul,Viação Alfa,05:45,05:49,4.0,35.0,10.2,Nenhuma,True,False
2026-05-12,Manhã,R05,Leste,Viação Beta,05:45,05:59,14.0,37.0,10.2,Nenhuma,False,False
2026-05-12,Manhã,R06,Oeste,Viação Alfa,05:45,05:45,0.0,33.0,10.2,Nenhuma,True,False
2026-05-12,Manhã,R07,Centro-Sul,Viação Beta,05:45,05:48,3.0,39.0,10.2,Nenhuma,True,False
2026-05-12,Manhã,R08,Norte,Viação Beta,05:45,05:40,-5.0,34.0,10.2,Nenhuma,True,False
2026-05-12,Tarde,R01,Norte,Viação Alfa,13:45,13:44,-1.0,30.0,13.0,Nenhuma,True,False
2026-05-12,Tarde,R02,Norte,Viação Alfa,13:45,13:48,3.0,34.0,13.0,Nenhuma,True,False
2026-05-12,Tarde,R03,Leste,Viação Beta,13:45,14:02,17.0,32.0,13.0,Nenhuma,False,True
2026-05-12,Tarde,R04,Sul,Viação Alfa,13:45,13:47,2.0,42.0,13.0,Nenhuma,True,False
2026-05-12,Tarde,R05,Leste,Viação Beta,13:45,13:54,9.0,39.0,13.0,Obra na via,False,False
2026-05-12,Tarde,R06,Oeste,Viação Alfa,13:45,13:43,-2.0,36.0,13.0,Nenhuma,True,False
2026-05-12,Tarde,R07,Centro-Sul,Viação Beta,13:45,13:46,1.0,37.0,13.0,Nenhuma,True,False
2026-05-12,Tarde,R08,Norte,Viação Beta,13:45,13:41,-4.0,33.0,13.0,Nenhuma,True,False
2026-05-12,Noite,R01,Norte,Viação Alfa,21:45,22:03,18.0,29.0,0.0,Pane mecânica,False,True
2026-05-12,Noite,R02,Norte,Viação Alfa,21:45,21:40,-5.0,38.0,0.0,Nenhuma,True,False
2026-05-12,Noite,R03,Leste,Viação Beta,21:45,21:41,-4.0,37.0,0.0,Nenhuma,True,False
2026-05-12,Noite,R04,Sul,Viação Alfa,21:45,21:38,-7.0,36.0,0.0,Nenhuma,True,False
2026-05-12,Noite,R05,Leste,Viação Beta,21:45,21:59,14.0,38.0,0.0,Trânsito intenso,False,False
2026-05-12,Noite,R06,Oeste,Viação Alfa,21:45,21:41,-4.0,42.0,0.0,Nenhuma,True,False
2026-05-12,Noite,R07,Centro-Sul,Viação Beta,21:45,21:37,-8.0,30.0,0.0,Nenhuma,True,False
2026-05-12,Noite,R08,Norte,Viação Beta,21:45,21:44,-1.0,37.0,0.0,Nenhuma,True,False
2026-05-13,Manhã,R01,Norte,Viação Alfa,05:45,05:54,9.0,41.0,28.8,Chuva forte,False,False
2026-05-13,Manhã,R02,Norte,Viação Alfa,05:45,05:52,7.0,39.0,28.8,Chuva forte,False,False
2026-05-13,Manhã,R03,Leste,Viação Beta,05:45,05:55,10.0,41.0,28.8,Obra na via,False,False
2026-05-13,Manhã,R04,Sul,Viação Alfa,05:45,05:53,8.0,42.0,28.8,Chuva forte,False,False
2026-05-13,Manhã,R05,Leste,Viação Beta,05:45,06:18,33.0,40.0,28.8,Chuva forte,False,True
2026-05-13,Manhã,R06,Oeste,Viação Alfa,05:45,05:55,10.0,37.0,28.8,Chuva forte,False,False
2026-05-13,Manhã,R07,Centro-Sul,Viação Beta,05:45,05:55,10.0,40.0,28.8,Chuva forte,False,False
2026-05-13,Manhã,R08,Norte,Viação Beta,05:45,05:54,9.0,32.0,28.8,Chuva forte,False,False
2026-05-13,Tarde,R01,Norte,Viação Alfa,13:45,13:41,-4.0,39.0,0.0,Nenhuma,True,False
2026-05-13,Tarde,R02,Norte,Viação Alfa,13:45,13:47,2.0,35.0,0.0,Nenhuma,True,False
2026-05-13,Tarde,R03,Leste,Viação Beta,13:45,13:50,5.0,35.0,0.0,Nenhuma,True,False
2026-05-13,Tarde,R04,Sul,Viação Alfa,13:45,13:41,-4.0,34.0,0.0,Nenhuma,True,False
2026-05-13,Tarde,R05,Leste,Viação Beta,13:45,13:48,3.0,35.0,0.0,Nenhuma,True,False
2026-05-13,Tarde,R06,Oeste,Viação Alfa,13:45,13:37,-8.0,34.0,0.0,Nenhuma,True,False
2026-05-13,Tarde,R07,Centro-Sul,Viação Beta,13:45,13:44,-1.0,40.0,0.0,Nenhuma,True,False
2026-05-13,Tarde,R08,Norte,Viação Beta,13:45,13:39,-6.0,33.0,0.0,Nenhuma,True,False
2026-05-13,Noite,R01,Norte,Viação Alfa,21:45,21:42,-3.0,38.0,0.0,Nenhuma,True,False
2026-05-13,Noite,R02,Norte,Viação Alfa,21:45,21:55,10.0,41.0,0.0,Trânsito intenso,False,False
2026-05-13,Noite,R03,Leste,Viação Beta,21:45,21:42,-3.0,37.0,0.0,Nenhuma,True,False
2026-05-13,Noite,R04,Sul,Viação Alfa,21:45,21:42,-3.0,37.0,0.0,Nenhuma,True,False
2026-05-13,Noite,R05,Leste,Viação Beta,21:45,21:45,0.0,41.0,0.0,Nenhuma,True,False
2026-05-13,Noite,R06,Oeste,Viação Alfa,21:45,21:42,-3.0,35.0,0.0,Nenhuma,True,False
2026-05-13,Noite,R07,Centro-Sul,Viação Beta,21:45,21:46,1.0,36.0,0.0,Trânsito intenso,True,False
2026-05-13,Noite,R08,Norte,Viação Beta,21:45,21:41,-4.0,34.0,0.0,Nenhuma,True,False
2026-05-14,Manhã,R01,Norte,Viação Alfa,05:45,05:47,2.0,38.0,2.4,Nenhuma,True,False
2026-05-14,Manhã,R02,Norte,Viação Alfa,05:45,05:45,0.0,34.0,2.4,Nenhuma,True,False
2026-05-14,Manhã,R03,Leste,Viação Beta,05:45,06:03,18.0,35.0,2.4,Nenhuma,False,True
2026-05-14,Manhã,R04,Sul,Viação Alfa,05:45,05:42,-3.0,33.0,2.4,Nenhuma,True,False
2026-05-14,Manhã,R05,Leste,Viação Beta,05:45,06:03,18.0,28.0,2.4,Nenhuma,False,True
2026-05-14,Manhã,R06,Oeste,Viação Alfa,05:45,05:44,-1.0,36.0,2.4,Nenhuma,True,False
2026-05-14,Manhã,R07,Centro-Sul,Viação Beta,05:45,05:39,-6.0,33.0,2.4,Nenhuma,True,False
2026-05-14,Manhã,R08,Norte,Viação Beta,05:45,05:43,-2.0,37.0,2.4,Nenhuma,True,False
2026-05-14,Tarde,R01,Norte,Viação Alfa,13:45,13:45,0.0,41.0,0.0,Nenhuma,True,False
2026-05-14,Tarde,R02,Norte,Viação Alfa,13:45,13:38,-7.0,40.0,0.0,Nenhuma,True,False
2026-05-14,Tarde,R03,Leste,Viação Beta,13:45,13:53,8.0,35.0,0.0,Nenhuma,False,False
2026-05-14,Tarde,R04,Sul,Viação Alfa,13:45,13:49,4.0,41.0,0.0,Nenhuma,True,False
2026-05-14,Tarde,R05,Leste,Viação Beta,13:45,13:54,9.0,40.0,0.0,Nenhuma,False,False
2026-05-14,Tarde,R06,Oeste,Viação Alfa,13:45,13:45,0.0,34.0,0.0,Nenhuma,True,False
2026-05-14,Tarde,R07,Centro-Sul,Viação Beta,13:45,13:40,-5.0,33.0,0.0,Nenhuma,True,False
2026-05-14,Tarde,R08,Norte,Viação Beta,13:45,13:46,1.0,34.0,0.0,Nenhuma,True,False
2026-05-14,Noite,R01,Norte,Viação Alfa,21:45,21:46,1.0,33.0,0.6,Nenhuma,True,False
2026-05-14,Noite,R02,Norte,Viação Alfa,21:45,21:41,-4.0,39.0,0.6,Nenhuma,True,False
2026-05-14,Noite,R03,Leste,Viação Beta,21:45,21:37,-8.0,43.0,0.6,Nenhuma,True,False
2026-05-14,Noite,R04,Sul,Viação Alfa,21:45,21:43,-2.0,36.0,0.6,Nenhuma,True,False
2026-05-14,Noite,R05,Leste,Viação Beta,21:45,21:43,-2.0,38.0,0.6,Nenhuma,True,False
2026-05-14,Noite,R06,Oeste,Viação Alfa,21:45,21:40,-5.0,44.0,0.6,Nenhuma,True,False
2026-05-14,Noite,R07,Centro-Sul,Viação Beta,21:45,21:44,-1.0,40.0,0.6,Nenhuma,True,False
2026-05-14,Noite,R08,Norte,Viação Beta,21:45,21:38,-7.0,39.0,0.6,Nenhuma,True,False
2026-05-15,Manhã,R01,Norte,Viação Alfa,05:45,05:37,-8.0,30.0,0.0,Nenhuma,True,False
2026-05-15,Manhã,R02,Norte,Viação Alfa,05:45,05:40,-5.0,31.0,0.0,Nenhuma,True,False
2026-05-15,Manhã,R03,Leste,Viação Beta,05:45,05:54,9.0,44.0,0.0,Obra na via,False,False
2026-05-15,Manhã,R04,Sul,Viação Alfa,05:45,05:35,-10.0,29.0,0.0,Nenhuma,True,False
2026-05-15,Manhã,R05,Leste,Viação Beta,05:45,05:51,6.0,36.0,0.0,Nenhuma,False,False
2026-05-15,Manhã,R06,Oeste,Viação Alfa,05:45,05:43,-2.0,38.0,0.0,Nenhuma,True,False
2026-05-15,Manhã,R07,Centro-Sul,Viação Beta,05:45,05:40,-5.0,34.0,0.0,Nenhuma,True,False
2026-05-15,Manhã,R08,Norte,Viação Beta,05:45,05:40,-5.0,44.0,0.0,Nenhuma,True,False
2026-05-15,Tarde,R01,Norte,Viação Alfa,13:45,13:39,-6.0,37.0,0.0,Nenhuma,True,False
2026-05-15,Tarde,R02,Norte,Viação Alfa,13:45,13:52,7.0,35.0,0.0,Trânsito intenso,False,False
2026-05-15,Tarde,R03,Leste,Viação Beta,13:45,13:39,-6.0,43.0,0.0,Nenhuma,True,False
2026-05-15,Tarde,R04,Sul,Viação Alfa,13:45,13:45,0.0,41.0,0.0,Nenhuma,True,False
2026-05-15,Tarde,R05,Leste,Viação Beta,13:45,13:57,12.0,32.0,0.0,Nenhuma,False,False
2026-05-15,Tarde,R06,Oeste,Viação Alfa,13:45,13:42,-3.0,32.0,0.0,Nenhuma,True,False
2026-05-15,Tarde,R07,Centro-Sul,Viação Beta,13:45,13:44,-1.0,38.0,0.0,Nenhuma,True,False
2026-05-15,Tarde,R08,Norte,Viação Beta,13:45,13:39,-6.0,34.0,0.0,Nenhuma,True,False
2026-05-15,Noite,R01,Norte,Viação Alfa,21:45,21:53,8.0,35.0,27.9,Chuva forte,False,False
2026-05-15,Noite,R02,Norte,Viação Alfa,21:45,21:52,7.0,44.0,27.9,Chuva forte,False,False
2026-05-15,Noite,R03,Leste,Viação Beta,21:45,21:52,7.0,38.0,27.9,Chuva forte,False,False
2026-05-15,Noite,R04,Sul,Viação Alfa,21:45,21:50,5.0,37.0,27.9,Chuva forte,True,False
2026-05-15,Noite,R05,Leste,Viação Beta,21:45,21:53,8.0,44.0,27.9,Chuva forte,False,False
2026-05-15,Noite,R06,Oeste,Viação Alfa,21:45,21:54,9.0,39.0,27.9,Chuva forte,False,False
2026-05-15,Noite,R07,Centro-Sul,Viação Beta,21:45,21:53,8.0,40.0,27.9,Chuva forte,False,False
2026-05-15,Noite,R08,Norte,Viação Beta,21:45,21:46,1.0,42.0,27.9,Chuva forte,True,False
2026-05-16,Manhã,R01,Norte,Viação Alfa,05:45,05:43,-2.0,42.0,0.0,Nenhuma,True,False
2026-05-16,Manhã,R02,Norte,Viação Alfa,05:45,05:43,-2.0,39.0,0.0,Nenhuma,True,False
2026-05-16,Manhã,R03,Leste,Viação Beta,05:45,05:51,6.0,43.0,0.0,Nenhuma,False,False
2026-05-16,Manhã,R04,Sul,Viação Alfa,05:45,05:42,-3.0,38.0,0.0,Nenhuma,True,False
2026-05-16,Manhã,R05,Leste,Viação Beta,05:45,05:57,12.0,40.0,0.0,Obra na via,False,False
2026-05-16,Manhã,R06,Oeste,Viação Alfa,05:45,05:42,-3.0,34.0,0.0,Nenhuma,True,False
2026-05-16,Manhã,R07,Centro-Sul,Viação Beta,05:45,05:40,-5.0,39.0,0.0,Nenhuma,True,False
2026-05-16,Manhã,R08,Norte,Viação Beta,05:45,05:43,-2.0,37.0,0.0,Nenhuma,True,False
2026-05-16,Tarde,R01,Norte,Viação Alfa,13:45,13:42,-3.0,43.0,0.0,Nenhuma,True,False
2026-05-16,Tarde,R02,Norte,Viação Alfa,13:45,13:43,-2.0,37.0,0.0,Nenhuma,True,False
2026-05-16,Tarde,R03,Leste,Viação Beta,13:45,13:56,11.0,31.0,0.0,Nenhuma,False,False
2026-05-16,Tarde,R04,Sul,Viação Alfa,13:45,13:42,-3.0,40.0,0.0,Nenhuma,True,False
2026-05-16,Tarde,R05,Leste,Viação Beta,13:45,13:55,10.0,38.0,0.0,Nenhuma,False,False
2026-05-16,Tarde,R06,Oeste,Viação Alfa,13:45,13:42,-3.0,34.0,0.0,Nenhuma,True,False
2026-05-16,Tarde,R07,Centro-Sul,Viação Beta,13:45,13:42,-3.0,38.0,0.0,Nenhuma,True,False
2026-05-16,Tarde,R08,Norte,Viação Beta,13:45,13:42,-3.0,40.0,0.0,Nenhuma,True,False
2026-05-16,Noite,R01,Norte,Viação Alfa,21:45,21:45,0.0,30.0,0.0,Nenhuma,True,False
2026-05-16,Noite,R02,Norte,Viação Alfa,21:45,21:42,-3.0,38.0,0.0,Nenhuma,True,False
2026-05-16,Noite,R03,Leste,Viação Beta,21:45,21:41,-4.0,44.0,0.0,Nenhuma,True,False
2026-05-16,Noite,R04,Sul,Viação Alfa,21:45,21:42,-3.0,36.0,0.0,Nenhuma,True,False
2026-05-16,Noite,R05,Leste,Viação Beta,21:45,21:40,-5.0,36.0,0.0,Nenhuma,True,False
2026-05-16,Noite,R06,Oeste,Viação Alfa,21:45,21:42,-3.0,35.0,0.0,Nenhuma,True,False
2026-05-16,Noite,R07,Centro-Sul,Viação Beta,21:45,21:37,-8.0,41.0,0.0,Nenhuma,True,False
2026-05-16,Noite,R08,Norte,Viação Beta,21:45,21:44,-1.0,42.0,0.0,Nenhuma,True,False
2026-05-18,Manhã,R01,Norte,Viação Alfa,05:45,05:45,0.0,38.0,0.0,Nenhuma,True,False
2026-05-18,Manhã,R02,Norte,Viação Alfa,05:45,05:45,0.0,41.0,0.0,Nenhuma,True,False
2026-05-18,Manhã,R03,Leste,Viação Beta,05:45,05:56,11.0,35.0,0.0,Nenhuma,False,False
2026-05-18,Manhã,R04,Sul,Viação Alfa,05:45,05:47,2.0,35.0,0.0,Nenhuma,True,False
2026-05-18,Manhã,R05,Leste,Viação Beta,05:45,06:03,18.0,28.0,0.0,Nenhuma,False,True
2026-05-18,Manhã,R06,Oeste,Viação Alfa,05:45,05:46,1.0,38.0,0.0,Nenhuma,True,False
2026-05-18,Manhã,R07,Centro-Sul,Viação Beta,05:45,05:43,-2.0,35.0,0.0,Nenhuma,True,False
2026-05-18,Manhã,R08,Norte,Viação Beta,05:45,05:41,-4.0,29.0,0.0,Nenhuma,True,False
2026-05-18,Tarde,R01,Norte,Viação Alfa,13:45,13:49,4.0,33.0,4.7,Nenhuma,True,False
2026-05-18,Tarde,R02,Norte,Viação Alfa,13:45,13:49,4.0,35.0,4.7,Nenhuma,True,False
2026-05-18,Tarde,R03,Leste,Viação Beta,13:45,13:49,4.0,42.0,4.7,Nenhuma,True,False
2026-05-18,Tarde,R04,Sul,Viação Alfa,13:45,13:41,-4.0,28.0,4.7,Nenhuma,True,False
2026-05-18,Tarde,R05,Leste,Viação Beta,13:45,13:54,9.0,33.0,4.7,Nenhuma,False,False
2026-05-18,Tarde,R06,Oeste,Viação Alfa,13:45,13:40,-5.0,36.0,4.7,Nenhuma,True,False
2026-05-18,Tarde,R07,Centro-Sul,Viação Beta,13:45,13:42,-3.0,40.0,4.7,Nenhuma,True,False
2026-05-18,Tarde,R08,Norte,Viação Beta,13:45,13:45,0.0,35.0,4.7,Nenhuma,True,False
2026-05-18,Noite,R01,Norte,Viação Alfa,21:45,21:50,5.0,39.0,12.4,Nenhuma,True,False
2026-05-18,Noite,R02,Norte,Viação Alfa,21:45,21:44,-1.0,38.0,12.4,Nenhuma,True,False
2026-05-18,Noite,R03,Leste,Viação Beta,21:45,21:44,-1.0,37.0,12.4,Nenhuma,True,False
2026-05-18,Noite,R04,Sul,Viação Alfa,21:45,21:47,2.0,40.0,12.4,Nenhuma,True,False
2026-05-18,Noite,R05,Leste,Viação Beta,21:45,21:44,-1.0,36.0,12.4,Nenhuma,True,False
2026-05-18,Noite,R06,Oeste,Viação Alfa,21:45,21:41,-4.0,43.0,12.4,Nenhuma,True,False
2026-05-18,Noite,R07,Centro-Sul,Viação Beta,21:45,21:41,-4.0,42.0,12.4,Nenhuma,True,False
2026-05-18,Noite,R08,Norte,Viação Beta,21:45,21:44,-1.0,36.0,12.4,Nenhuma,True,False
2026-05-19,Manhã,R01,Norte,Viação Alfa,05:45,05:39,-6.0,41.0,0.0,Nenhuma,True,False
2026-05-19,Manhã,R02,Norte,Viação Alfa,05:45,05:41,-4.0,37.0,0.0,Nenhuma,True,False
2026-05-19,Manhã,R03,Leste,Viação Beta,05:45,06:00,15.0,43.0,0.0,Nenhuma,False,False
2026-05-19,Manhã,R04,Sul,Viação Alfa,05:45,05:44,-1.0,40.0,0.0,Nenhuma,True,False
2026-05-19,Manhã,R05,Leste,Viação Beta,05:45,06:17,32.0,41.0,0.0,Pneu furado,False,True
2026-05-19,Manhã,R06,Oeste,Viação Alfa,05:45,05:44,-1.0,33.0,0.0,Nenhuma,True,False
2026-05-19,Manhã,R07,Centro-Sul,Viação Beta,05:45,05:39,-6.0,36.0,0.0,Nenhuma,True,False
2026-05-19,Manhã,R08,Norte,Viação Beta,05:45,05:46,1.0,43.0,0.0,Nenhuma,True,False
2026-05-19,Tarde,R01,Norte,Viação Alfa,13:45,13:47,2.0,37.0,4.1,Nenhuma,True,False
2026-05-19,Tarde,R02,Norte,Viação Alfa,13:45,13:49,4.0,41.0,4.1,Nenhuma,True,False
2026-05-19,Tarde,R03,Leste,Viação Beta,13:45,13:53,8.0,37.0,4.1,Obra na via,False,False
2026-05-19,Tarde,R04,Sul,Viação Alfa,13:45,13:43,-2.0,36.0,4.1,Nenhuma,True,False
2026-05-19,Tarde,R05,Leste,Viação Beta,13:45,13:51,6.0,37.0,4.1,Nenhuma,False,False
2026-05-19,Tarde,R06,Oeste,Viação Alfa,13:45,13:44,-1.0,38.0,4.1,Nenhuma,True,False
2026-05-19,Tarde,R07,Centro-Sul,Viação Beta,13:45,13:45,0.0,43.0,4.1,Nenhuma,True,False
2026-05-19,Tarde,R08,Norte,Viação Beta,13:45,13:43,-2.0,38.0,4.1,Nenhuma,True,False
2026-05-19,Noite,R01,Norte,Viação Alfa,21:45,21:39,-6.0,42.0,1.5,Nenhuma,True,False
2026-05-19,Noite,R02,Norte,Viação Alfa,21:45,21:40,-5.0,36.0,1.5,Nenhuma,True,False
2026-05-19,Noite,R03,Leste,Viação Beta,21:45,21:37,-8.0,40.0,1.5,Nenhuma,True,False
2026-05-19,Noite,R04,Sul,Viação Alfa,21:45,21:41,-4.0,33.0,1.5,Nenhuma,True,False
2026-05-19,Noite,R05,Leste,Viação Beta,21:45,21:35,-10.0,44.0,1.5,Nenhuma,True,False
2026-05-19,Noite,R06,Oeste,Viação Alfa,21:45,21:53,8.0,41.0,1.5,Trânsito intenso,False,False
2026-05-19,Noite,R07,Centro-Sul,Viação Beta,21:45,21:34,-11.0,35.0,1.5,Nenhuma,True,False
2026-05-19,Noite,R08,Norte,Viação Beta,21:45,21:41,-4.0,44.0,1.5,Nenhuma,True,False
2026-05-20,Manhã,R01,Norte,Viação Alfa,05:45,05:44,-1.0,37.0,0.0,Nenhuma,True,False
2026-05-20,Manhã,R02,Norte,Viação Alfa,05:45,05:44,-1.0,41.0,0.0,Nenhuma,True,False
2026-05-20,Manhã,R03,Leste,Viação Beta,05:45,05:55,10.0,37.0,0.0,Nenhuma,False,False
2026-05-20,Manhã,R04,Sul,Viação Alfa,05:45,05:44,-1.0,41.0,0.0,Nenhuma,True,False
2026-05-20,Manhã,R05,Leste,Viação Beta,05:45,05:58,13.0,38.0,0.0,Nenhuma,False,False
2026-05-20,Manhã,R06,Oeste,Viação Alfa,05:45,05:42,-3.0,35.0,0.0,Nenhuma,True,False
2026-05-20,Manhã,R07,Centro-Sul,Viação Beta,05:45,05:42,-3.0,38.0,0.0,Nenhuma,True,False
2026-05-20,Manhã,R08,Norte,Viação Beta,05:45,05:44,-1.0,33.0,0.0,Nenhuma,True,False
2026-05-20,Tarde,R01,Norte,Viação Alfa,13:45,13:42,-3.0,36.0,0.0,Nenhuma,True,False
2026-05-20,Tarde,R02,Norte,Viação Alfa,13:45,13:59,14.0,44.0,0.0,Pneu furado,False,False
2026-05-20,Tarde,R03,Leste,Viação Beta,13:45,13:55,10.0,35.0,0.0,Obra na via,False,False
2026-05-20,Tarde,R04,Sul,Viação Alfa,13:45,13:43,-2.0,40.0,0.0,Nenhuma,True,False
2026-05-20,Tarde,R05,Leste,Viação Beta,13:45,13:53,8.0,33.0,0.0,Nenhuma,False,False
2026-05-20,Tarde,R06,Oeste,Viação Alfa,13:45,13:51,6.0,34.0,0.0,Nenhuma,False,False
2026-05-20,Tarde,R07,Centro-Sul,Viação Beta,13:45,13:41,-4.0,31.0,0.0,Nenhuma,True,False
2026-05-20,Tarde,R08,Norte,Viação Beta,13:45,13:41,-4.0,37.0,0.0,Nenhuma,True,False
2026-05-20,Noite,R01,Norte,Viação Alfa,21:45,21:40,-5.0,42.0,0.0,Nenhuma,True,False
2026-05-20,Noite,R02,Norte,Viação Alfa,21:45,21:43,-2.0,38.0,0.0,Nenhuma,True,False
2026-05-20,Noite,R03,Leste,Viação Beta,21:45,21:43,-2.0,30.0,0.0,Nenhuma,True,False
2026-05-20,Noite,R04,Sul,Viação Alfa,21:45,21:38,-7.0,27.0,0.0,Nenhuma,True,False
2026-05-20,Noite,R05,Leste,Viação Beta,21:45,21:43,-2.0,37.0,0.0,Nenhuma,True,False
2026-05-20,Noite,R06,Oeste,Viação Alfa,21:45,21:44,-1.0,38.0,0.0,Nenhuma,True,False
2026-05-20,Noite,R07,Centro-Sul,Viação Beta,21:45,21:40,-5.0,40.0,0.0,Nenhuma,True,False
2026-05-20,Noite,R08,Norte,Viação Beta,21:45,21:40,-5.0,39.0,0.0,Nenhuma,True,False
2026-05-21,Manhã,R01,Norte,Viação Alfa,05:45,05:42,-3.0,32.0,0.0,Nenhuma,True,False
2026-05-21,Manhã,R02,Norte,Viação Alfa,05:45,05:43,-2.0,41.0,0.0,Nenhuma,True,False
2026-05-21,Manhã,R03,Leste,Viação Beta,05:45,06:04,19.0,39.0,0.0,Nenhuma,False,True
2026-05-21,Manhã,R04,Sul,Viação Alfa,05:45,05:43,-2.0,34.0,0.0,Nenhuma,True,False
2026-05-21,Manhã,R05,Leste,Viação Beta,05:45,18:04,,39.0,0.0,Obra na via,,
2026-05-21,Manhã,R06,Oeste,Viação Alfa,05:45,05:45,0.0,35.0,0.0,Nenhuma,True,False
2026-05-21,Manhã,R07,Centro-Sul,Viação Beta,05:45,05:37,-8.0,31.0,0.0,Nenhuma,True,False
2026-05-21,Manhã,R08,Norte,Viação Beta,05:45,05:44,-1.0,36.0,0.0,Nenhuma,True,False
2026-05-21,Tarde,R01,Norte,Viação Alfa,13:45,13:47,2.0,42.0,10.2,Nenhuma,True,False
2026-05-21,Tarde,R02,Norte,Viação Alfa,13:45,13:45,0.0,32.0,10.2,Nenhuma,True,False
2026-05-21,Tarde,R03,Leste,Viação Beta,13:45,14:03,18.0,38.0,10.2,Nenhuma,False,True
2026-05-21,Tarde,R04,Sul,Viação Alfa,13:45,13:50,5.0,37.0,10.2,Nenhuma,True,False
2026-05-21,Tarde,R05,Leste,Viação Beta,13:45,13:54,9.0,37.0,10.2,Obra na via,False,False
2026-05-21,Tarde,R06,Oeste,Viação Alfa,13:45,13:44,-1.0,40.0,10.2,Nenhuma,True,False
2026-05-21,Tarde,R07,Centro-Sul,Viação Beta,13:45,13:43,-2.0,31.0,10.2,Nenhuma,True,False
2026-05-21,Tarde,R08,Norte,Viação Beta,13:45,13:42,-3.0,44.0,10.2,Nenhuma,True,False
2026-05-21,Noite,R01,Norte,Viação Alfa,21:45,21:45,0.0,38.0,0.0,Nenhuma,True,False
2026-05-21,Noite,R02,Norte,Viação Alfa,21:45,21:38,-7.0,37.0,0.0,Nenhuma,True,False
2026-05-21,Noite,R03,Leste,Viação Beta,21:45,22:12,27.0,37.0,0.0,Pane mecânica,False,True
2026-05-21,Noite,R04,Sul,Viação Alfa,21:45,21:37,-8.0,38.0,0.0,Nenhuma,True,False
2026-05-21,Noite,R05,Leste,Viação Beta,21:45,21:42,-3.0,44.0,0.0,Nenhuma,True,False
2026-05-21,Noite,R06,Oeste,Viação Alfa,21:45,21:42,-3.0,42.0,0.0,Nenhuma,True,False
2026-05-21,Noite,R07,Centro-Sul,Viação Beta,21:45,21:43,-2.0,41.0,0.0,Nenhuma,True,False
2026-05-21,Noite,R08,Norte,Viação Beta,21:45,21:39,-6.0,35.0,0.0,Nenhuma,True,False
2026-05-22,Manhã,R01,Norte,Viação Alfa,05:45,05:46,1.0,44.0,0.0,Nenhuma,True,False
2026-05-22,Manhã,R02,Norte,Viação Alfa,05:45,05:45,0.0,41.0,0.0,Nenhuma,True,False
2026-05-22,Manhã,R03,Leste,Viação Beta,05:45,05:53,8.0,39.0,0.0,Nenhuma,False,False
2026-05-22,Manhã,R04,Sul,Viação Alfa,05:45,05:46,1.0,32.0,0.0,Nenhuma,True,False
2026-05-22,Manhã,R05,Leste,Viação Beta,05:45,05:47,2.0,36.0,0.0,Obra na via,True,False
2026-05-22,Manhã,R06,Oeste,Viação Alfa,05:45,05:40,-5.0,38.0,0.0,Nenhuma,True,False
2026-05-22,Manhã,R07,Centro-Sul,Viação Beta,05:45,05:36,-9.0,33.0,0.0,Nenhuma,True,False
2026-05-22,Manhã,R08,Norte,Viação Beta,05:45,06:14,29.0,41.0,0.0,Pane mecânica,False,True
2026-05-22,Tarde,R01,Norte,Viação Alfa,13:45,13:45,0.0,31.0,5.0,Nenhuma,True,False
2026-05-22,Tarde,R02,Norte,Viação Alfa,13:45,13:40,-5.0,37.0,5.0,Nenhuma,True,False
2026-05-22,Tarde,R03,Leste,Viação Beta,13:45,14:37,52.0,35.0,5.0,Pane mecânica,False,True
2026-05-22,Tarde,R04,Sul,Viação Alfa,13:45,13:44,-1.0,43.0,5.0,Nenhuma,True,False
2026-05-22,Tarde,R05,Leste,Viação Beta,13:45,13:51,6.0,34.0,5.0,Nenhuma,False,False
2026-05-22,Tarde,R06,Oeste,Viação Alfa,13:45,13:50,5.0,36.0,5.0,Nenhuma,True,False
2026-05-22,Tarde,R07,Centro-Sul,Viação Beta,13:45,13:41,-4.0,31.0,5.0,Nenhuma,True,False
2026-05-22,Tarde,R08,Norte,Viação Beta,13:45,13:40,-5.0,29.0,5.0,Nenhuma,True,False
2026-05-22,Noite,R01,Norte,Viação Alfa,21:45,21:50,5.0,38.0,7.8,Nenhuma,True,False
2026-05-22,Noite,R02,Norte,Viação Alfa,21:45,21:47,2.0,44.0,7.8,Nenhuma,True,False
2026-05-22,Noite,R03,Leste,Viação Beta,21:45,21:40,-5.0,31.0,7.8,Nenhuma,True,False
2026-05-22,Noite,R04,Sul,Viação Alfa,21:45,21:46,1.0,34.0,7.8,Nenhuma,True,False
2026-05-22,Noite,R05,Leste,Viação Beta,21:45,21:44,-1.0,39.0,7.8,Nenhuma,True,False
2026-05-22,Noite,R06,Oeste,Viação Alfa,21:45,21:43,-2.0,40.0,7.8,Nenhuma,True,False
2026-05-22,Noite,R07,Centro-Sul,Viação Beta,21:45,21:44,-1.0,34.0,7.8,Nenhuma,True,False
2026-05-22,Noite,R08,Norte,Viação Beta,21:45,22:23,38.0,32.0,7.8,Pane mecânica,False,True
2026-05-23,Manhã,R01,Norte,Viação Alfa,05:45,05:45,0.0,35.0,0.0,Trânsito intenso,True,False
2026-05-23,Manhã,R02,Norte,Viação Alfa,05:45,05:47,2.0,38.0,0.0,Nenhuma,True,False
2026-05-23,Manhã,R03,Leste,Viação Beta,05:45,06:02,17.0,32.0,0.0,Nenhuma,False,True
2026-05-23,Manhã,R04,Sul,Viação Alfa,05:45,05:35,-10.0,34.0,0.0,Nenhuma,True,False
2026-05-23,Manhã,R05,Leste,Viação Beta,05:45,05:56,11.0,44.0,0.0,Nenhuma,False,False
2026-05-23,Manhã,R06,Oeste,Viação Alfa,05:45,05:39,-6.0,38.0,0.0,Nenhuma,True,False
2026-05-23,Manhã,R07,Centro-Sul,Viação Beta,05:45,05:45,0.0,38.0,0.0,Nenhuma,True,False
2026-05-23,Manhã,R08,Norte,Viação Beta,05:45,05:38,-7.0,36.0,0.0,Nenhuma,True,False
2026-05-23,Tarde,R01,Norte,Viação Alfa,13:45,13:45,0.0,44.0,0.0,Nenhuma,True,False
2026-05-23,Tarde,R02,Norte,Viação Alfa,13:45,13:58,13.0,35.0,0.0,Trânsito intenso,False,False
2026-05-23,Tarde,R03,Leste,Viação Beta,13:45,13:47,2.0,39.0,0.0,Nenhuma,True,False
2026-05-23,Tarde,R04,Sul,Viação Alfa,13:45,13:42,-3.0,36.0,0.0,Nenhuma,True,False
2026-05-23,Tarde,R05,Leste,Viação Beta,13:45,13:53,8.0,42.0,0.0,Nenhuma,False,False
2026-05-23,Tarde,R06,Oeste,Viação Alfa,13:45,13:44,-1.0,36.0,0.0,Nenhuma,True,False
2026-05-23,Tarde,R07,Centro-Sul,Viação Beta,13:45,13:36,-9.0,38.0,0.0,Nenhuma,True,False
2026-05-23,Tarde,R08,Norte,Viação Beta,13:45,13:47,2.0,32.0,0.0,Nenhuma,True,False
2026-05-23,Noite,R01,Norte,Viação Alfa,21:45,21:44,-1.0,40.0,0.0,Nenhuma,True,False
2026-05-23,Noite,R02,Norte,Viação Alfa,21:45,21:48,3.0,40.0,0.0,Trânsito intenso,True,False
2026-05-23,Noite,R03,Leste,Viação Beta,21:45,21:43,-2.0,35.0,0.0,Nenhuma,True,False
2026-05-23,Noite,R04,Sul,Viação Alfa,21:45,21:48,3.0,37.0,0.0,Nenhuma,True,False
2026-05-23,Noite,R05,Leste,Viação Beta,21:45,21:46,1.0,35.0,0.0,Nenhuma,True,False
2026-05-23,Noite,R06,Oeste,Viação Alfa,21:45,21:43,-2.0,38.0,0.0,Nenhuma,True,False
2026-05-23,Noite,R07,Centro-Sul,Viação Beta,21:45,21:40,-5.0,32.0,0.0,Nenhuma,True,False
2026-05-23,Noite,R08,Norte,Viação Beta,21:45,21:56,11.0,35.0,0.0,Pneu furado,False,False
2026-05-25,Manhã,R01,Norte,Viação Alfa,05:45,06:20,35.0,37.0,0.1,Pane mecânica,False,True
2026-05-25,Manhã,R02,Norte,Viação Alfa,05:45,05:38,-7.0,41.0,0.1,Nenhuma,True,False
2026-05-25,Manhã,R03,Leste,Viação Beta,05:45,06:00,15.0,37.0,0.1,Nenhuma,False,False
2026-05-25,Manhã,R04,Sul,Viação Alfa,05:45,05:43,-2.0,33.0,0.1,Nenhuma,True,False
2026-05-25,Manhã,R05,Leste,Viação Beta,05:45,05:58,13.0,41.0,0.1,Nenhuma,False,False
2026-05-25,Manhã,R06,Oeste,Viação Alfa,05:45,05:46,1.0,43.0,0.1,Nenhuma,True,False
2026-05-25,Manhã,R07,Centro-Sul,Viação Beta,05:45,05:46,1.0,36.0,0.1,Nenhuma,True,False
2026-05-25,Manhã,R08,Norte,Viação Beta,05:45,05:41,-4.0,40.0,0.1,Nenhuma,True,False
2026-05-25,Tarde,R01,Norte,Viação Alfa,13:45,13:45,0.0,33.0,8.2,Nenhuma,True,False
2026-05-25,Tarde,R02,Norte,Viação Alfa,13:45,13:59,14.0,37.0,8.2,Trânsito intenso,False,False
2026-05-25,Tarde,R03,Leste,Viação Beta,13:45,13:50,5.0,29.0,8.2,Nenhuma,True,False
2026-05-25,Tarde,R04,Sul,Viação Alfa,13:45,13:43,-2.0,40.0,8.2,Nenhuma,True,False
2026-05-25,Tarde,R05,Leste,Viação Beta,13:45,13:58,13.0,39.0,8.2,Nenhuma,False,False
2026-05-25,Tarde,R06,Oeste,Viação Alfa,13:45,13:47,2.0,40.0,8.2,Nenhuma,True,False
2026-05-25,Tarde,R07,Centro-Sul,Viação Beta,13:45,13:41,-4.0,43.0,8.2,Nenhuma,True,False
2026-05-25,Tarde,R08,Norte,Viação Beta,13:45,13:42,-3.0,35.0,8.2,Nenhuma,True,False
2026-05-25,Noite,R01,Norte,Viação Alfa,21:45,21:40,-5.0,39.0,0.9,Nenhuma,True,False
2026-05-25,Noite,R02,Norte,Viação Alfa,21:45,21:42,-3.0,38.0,0.9,Nenhuma,True,False
2026-05-25,Noite,R03,Leste,Viação Beta,21:45,21:40,-5.0,37.0,0.9,Nenhuma,True,False
2026-05-25,Noite,R04,Sul,Viação Alfa,21:45,21:41,-4.0,42.0,0.9,Nenhuma,True,False
2026-05-25,Noite,R05,Leste,Viação Beta,21:45,21:38,-7.0,41.0,0.9,Nenhuma,True,False
2026-05-25,Noite,R06,Oeste,Viação Alfa,21:45,21:40,-5.0,42.0,0.9,Nenhuma,True,False
2026-05-25,Noite,R07,Centro-Sul,Viação Beta,21:45,21:42,-3.0,30.0,0.9,Nenhuma,True,False
2026-05-25,Noite,R08,Norte,Viação Beta,21:45,21:40,-5.0,44.0,0.9,Nenhuma,True,False
2026-05-26,Manhã,R01,Norte,Viação Alfa,05:45,05:42,-3.0,29.0,0.0,Nenhuma,True,False
2026-05-26,Manhã,R02,Norte,Viação Alfa,05:45,05:47,2.0,33.0,0.0,Nenhuma,True,False
2026-05-26,Manhã,R03,Leste,Viação Beta,05:45,05:56,11.0,32.0,0.0,Nenhuma,False,False
2026-05-26,Manhã,R04,Sul,Viação Alfa,05:45,05:38,-7.0,38.0,0.0,Nenhuma,True,False
2026-05-26,Manhã,R05,Leste,Viação Beta,05:45,05:52,7.0,38.0,0.0,Obra na via,False,False
2026-05-26,Manhã,R06,Oeste,Viação Alfa,05:45,05:40,-5.0,35.0,0.0,Nenhuma,True,False
2026-05-26,Manhã,R07,Centro-Sul,Viação Beta,05:45,05:49,4.0,42.0,0.0,Nenhuma,True,False
2026-05-26,Manhã,R08,Norte,Viação Beta,05:45,05:39,-6.0,40.0,0.0,Nenhuma,True,False
2026-05-26,Tarde,R01,Norte,Viação Alfa,13:45,13:39,-6.0,38.0,0.0,Nenhuma,True,False
2026-05-26,Tarde,R02,Norte,Viação Alfa,13:45,13:43,-2.0,32.0,0.0,Nenhuma,True,False
2026-05-26,Tarde,R03,Leste,Viação Beta,13:45,13:47,2.0,36.0,0.0,Nenhuma,True,False
2026-05-26,Tarde,R04,Sul,Viação Alfa,13:45,13:38,-7.0,37.0,0.0,Nenhuma,True,False
2026-05-26,Tarde,R05,Leste,Viação Beta,13:45,14:00,15.0,34.0,0.0,Obra na via,False,False
2026-05-26,Tarde,R06,Oeste,Viação Alfa,13:45,13:40,-5.0,44.0,0.0,Nenhuma,True,False
2026-05-26,Tarde,R07,Centro-Sul,Viação Beta,13:45,13:50,5.0,35.0,0.0,Pneu furado,True,False
2026-05-26,Tarde,R08,Norte,Viação Beta,13:45,13:40,-5.0,34.0,0.0,Nenhuma,True,False
2026-05-26,Noite,R01,Norte,Viação Alfa,21:45,21:41,-4.0,34.0,0.8,Nenhuma,True,False
2026-05-26,Noite,R02,Norte,Viação Alfa,21:45,21:44,-1.0,42.0,0.8,Nenhuma,True,False
2026-05-26,Noite,R03,Leste,Viação Beta,21:45,21:38,-7.0,39.0,0.8,Nenhuma,True,False
2026-05-26,Noite,R04,Sul,Viação Alfa,21:45,21:36,-9.0,40.0,0.8,Nenhuma,True,False
2026-05-26,Noite,R05,Leste,Viação Beta,21:45,21:41,-4.0,31.0,0.8,Nenhuma,True,False
2026-05-26,Noite,R06,Oeste,Viação Alfa,21:45,21:42,-3.0,35.0,0.8,Nenhuma,True,False
2026-05-26,Noite,R07,Centro-Sul,Viação Beta,21:45,21:42,-3.0,32.0,0.8,Nenhuma,True,False
2026-05-26,Noite,R08,Norte,Viação Beta,21:45,21:37,-8.0,39.0,0.8,Nenhuma,True,False
2026-05-27,Manhã,R01,Norte,Viação Alfa,05:45,05:40,-5.0,42.0,1.9,Nenhuma,True,False
2026-05-27,Manhã,R02,Norte,Viação Alfa,05:45,05:37,-8.0,42.0,1.9,Nenhuma,True,False
2026-05-27,Manhã,R03,Leste,Viação Beta,05:45,05:59,14.0,42.0,1.9,Nenhuma,False,False
2026-05-27,Manhã,R04,Sul,Viação Alfa,05:45,05:45,0.0,39.0,1.9,Nenhuma,True,False
2026-05-27,Manhã,R05,Leste,Viação Beta,05:45,06:09,24.0,33.0,1.9,Trânsito intenso,False,True
2026-05-27,Manhã,R06,Oeste,Viação Alfa,05:45,05:39,-6.0,41.0,1.9,Nenhuma,True,False
2026-05-27,Manhã,R07,Centro-Sul,Viação Beta,05:45,05:47,2.0,43.0,1.9,Nenhuma,True,False
2026-05-27,Manhã,R08,Norte,Viação Beta,05:45,05:42,-3.0,41.0,1.9,Nenhuma,True,False
2026-05-27,Tarde,R01,Norte,Viação Alfa,13:45,13:47,2.0,41.0,19.7,Nenhuma,True,False
2026-05-27,Tarde,R02,Norte,Viação Alfa,13:45,13:52,7.0,38.0,19.7,Nenhuma,False,False
2026-05-27,Tarde,R03,Leste,Viação Beta,13:45,14:20,35.0,37.0,19.7,Trânsito intenso,False,True
2026-05-27,Tarde,R04,Sul,Viação Alfa,13:45,13:49,4.0,44.0,19.7,Nenhuma,True,False
2026-05-27,Tarde,R05,Leste,Viação Beta,13:45,13:57,12.0,44.0,19.7,Nenhuma,False,False
2026-05-27,Tarde,R06,Oeste,Viação Alfa,13:45,13:49,4.0,39.0,19.7,Nenhuma,True,False
2026-05-27,Tarde,R07,Centro-Sul,Viação Beta,13:45,13:52,7.0,31.0,19.7,Nenhuma,False,False
2026-05-27,Tarde,R08,Norte,Viação Beta,13:45,13:53,8.0,39.0,19.7,Nenhuma,False,False
2026-05-27,Noite,R01,Norte,Viação Alfa,21:45,21:43,-2.0,39.0,14.5,Nenhuma,True,False
2026-05-27,Noite,R02,Norte,Viação Alfa,21:45,21:48,3.0,44.0,14.5,Nenhuma,True,False
2026-05-27,Noite,R03,Leste,Viação Beta,21:45,21:48,3.0,42.0,14.5,Nenhuma,True,False
2026-05-27,Noite,R04,Sul,Viação Alfa,21:45,21:45,0.0,36.0,14.5,Nenhuma,True,False
2026-05-27,Noite,R05,Leste,Viação Beta,21:45,21:46,1.0,39.0,14.5,Nenhuma,True,False
2026-05-27,Noite,R06,Oeste,Viação Alfa,21:45,21:41,-4.0,35.0,14.5,Nenhuma,True,False
2026-05-27,Noite,R07,Centro-Sul,Viação Beta,21:45,21:47,2.0,32.0,14.5,Nenhuma,True,False
2026-05-27,Noite,R08,Norte,Viação Beta,21:45,21:45,0.0,32.0,14.5,Nenhuma,True,False
2026-05-28,Manhã,R01,Norte,Viação Alfa,05:45,05:47,2.0,36.0,10.3,Nenhuma,True,False
2026-05-28,Manhã,R02,Norte,Viação Alfa,05:45,05:47,2.0,41.0,10.3,Nenhuma,True,False
2026-05-28,Manhã,R03,Leste,Viação Beta,05:45,05:59,14.0,40.0,10.3,Obra na via,False,False
2026-05-28,Manhã,R04,Sul,Viação Alfa,05:45,05:53,8.0,35.0,10.3,Nenhuma,False,False
2026-05-28,Manhã,R05,Leste,Viação Beta,05:45,05:58,13.0,41.0,10.3,Nenhuma,False,False
2026-05-28,Manhã,R06,Oeste,Viação Alfa,05:45,05:46,1.0,33.0,10.3,Nenhuma,True,False
2026-05-28,Manhã,R07,Centro-Sul,Viação Beta,05:45,05:44,-1.0,41.0,10.3,Nenhuma,True,False
2026-05-28,Manhã,R08,Norte,Viação Beta,05:45,05:48,3.0,36.0,10.3,Nenhuma,True,False
2026-05-28,Tarde,R01,Norte,Viação Alfa,13:45,13:41,-4.0,22.0,0.0,Nenhuma,True,False
2026-05-28,Tarde,R02,Norte,Viação Alfa,13:45,13:49,4.0,35.0,0.0,Nenhuma,True,False
2026-05-28,Tarde,R03,Leste,Viação Beta,13:45,13:46,1.0,39.0,0.0,Nenhuma,True,False
2026-05-28,Tarde,R04,Sul,Viação Alfa,13:45,13:44,-1.0,34.0,0.0,Nenhuma,True,False
2026-05-28,Tarde,R05,Leste,Viação Beta,13:45,13:57,12.0,31.0,0.0,Nenhuma,False,False
2026-05-28,Tarde,R06,Oeste,Viação Alfa,13:45,13:44,-1.0,34.0,0.0,Nenhuma,True,False
2026-05-28,Tarde,R07,Centro-Sul,Viação Beta,13:45,13:44,-1.0,34.0,0.0,Nenhuma,True,False
2026-05-28,Tarde,R08,Norte,Viação Beta,13:45,13:42,-3.0,29.0,0.0,Nenhuma,True,False
2026-05-28,Noite,R01,Norte,Viação Alfa,21:45,22:16,31.0,40.0,0.0,Pane mecânica,False,True
2026-05-28,Noite,R02,Norte,Viação Alfa,21:45,21:46,1.0,42.0,0.0,Nenhuma,True,False
2026-05-28,Noite,R03,Leste,Viação Beta,21:45,21:43,-2.0,36.0,0.0,Nenhuma,True,False
2026-05-28,Noite,R04,Sul,Viação Alfa,21:45,21:42,-3.0,38.0,0.0,Nenhuma,True,False
2026-05-28,Noite,R05,Leste,Viação Beta,21:45,21:37,-8.0,41.0,0.0,Nenhuma,True,False
2026-05-28,Noite,R06,Oeste,Viação Alfa,21:45,21:40,-5.0,43.0,0.0,Nenhuma,True,False
2026-05-28,Noite,R07,Centro-Sul,Viação Beta,21:45,21:43,-2.0,33.0,0.0,Nenhuma,True,False
2026-05-28,Noite,R08,Norte,Viação Beta,21:45,22:28,43.0,41.0,0.0,Pane mecânica,False,True
2026-05-29,Manhã,R01,Norte,Viação Alfa,05:45,05:55,10.0,35.0,0.0,Trânsito intenso,False,False
2026-05-29,Manhã,R02,Norte,Viação Alfa,05:45,05:39,-6.0,37.0,0.0,Nenhuma,True,False
2026-05-29,Manhã,R03,Leste,Viação Beta,05:45,05:56,11.0,44.0,0.0,Nenhuma,False,False
2026-05-29,Manhã,R04,Sul,Viação Alfa,05:45,05:45,0.0,34.0,0.0,Nenhuma,True,False
2026-05-29,Manhã,R05,Leste,Viação Beta,05:45,06:01,16.0,35.0,0.0,Obra na via,False,True
2026-05-29,Manhã,R06,Oeste,Viação Alfa,05:45,05:37,-8.0,37.0,0.0,Nenhuma,True,False
2026-05-29,Manhã,R07,Centro-Sul,Viação Beta,05:45,05:42,-3.0,30.0,0.0,Nenhuma,True,False
2026-05-29,Manhã,R08,Norte,Viação Beta,05:45,05:46,1.0,34.0,0.0,Nenhuma,True,False
2026-05-29,Tarde,R01,Norte,Viação Alfa,13:45,13:47,2.0,41.0,0.0,Nenhuma,True,False
2026-05-29,Tarde,R02,Norte,Viação Alfa,13:45,13:41,-4.0,37.0,0.0,Nenhuma,True,False
2026-05-29,Tarde,R03,Leste,Viação Beta,13:45,13:48,3.0,34.0,0.0,Nenhuma,True,False
2026-05-29,Tarde,R04,Sul,Viação Alfa,13:45,13:51,6.0,42.0,0.0,Nenhuma,False,False
2026-05-29,Tarde,R05,Leste,Viação Beta,13:45,13:50,5.0,44.0,0.0,Obra na via,True,False
2026-05-29,Tarde,R06,Oeste,Viação Alfa,13:45,13:39,-6.0,39.0,0.0,Nenhuma,True,False
2026-05-29,Tarde,R07,Centro-Sul,Viação Beta,13:45,13:44,-1.0,35.0,0.0,Nenhuma,True,False
2026-05-29,Tarde,R08,Norte,Viação Beta,13:45,13:42,-3.0,36.0,0.0,Nenhuma,True,False
2026-05-29,Noite,R01,Norte,Viação Alfa,21:45,21:38,-7.0,38.0,0.8,Nenhuma,True,False
2026-05-29,Noite,R02,Norte,Viação Alfa,21:45,21:41,-4.0,32.0,0.8,Nenhuma,True,False
2026-05-29,Noite,R03,Leste,Viação Beta,21:45,21:40,-5.0,34.0,0.8,Nenhuma,True,False
2026-05-29,Noite,R04,Sul,Viação Alfa,21:45,21:36,-9.0,36.0,0.8,Nenhuma,True,False
2026-05-29,Noite,R05,Leste,Viação Beta,21:45,21:40,-5.0,41.0,0.8,Nenhuma,True,False
2026-05-29,Noite,R06,Oeste,Viação Alfa,21:45,21:42,-3.0,35.0,0.8,Nenhuma,True,False
2026-05-29,Noite,R07,Centro-Sul,Viação Beta,21:45,21:38,-7.0,27.0,0.8,Nenhuma,True,False
2026-05-29,Noite,R08,Norte,Viação Beta,21:45,21:42,-3.0,37.0,0.8,Nenhuma,True,False
2026-05-30,Manhã,R01,Norte,Viação Alfa,05:45,06:22,37.0,32.0,2.5,Pane mecânica,False,True
2026-05-30,Manhã,R02,Norte,Viação Alfa,05:45,05:40,-5.0,34.0,2.5,Nenhuma,True,False
2026-05-30,Manhã,R03,Leste,Viação Beta,05:45,06:02,17.0,41.0,2.5,Nenhuma,False,True
2026-05-30,Manhã,R04,Sul,Viação Alfa,05:45,05:42,-3.0,42.0,2.5,Nenhuma,True,False
2026-05-30,Manhã,R05,Leste,Viação Beta,05:45,05:51,6.0,38.0,2.5,Nenhuma,False,False
2026-05-30,Manhã,R06,Oeste,Viação Alfa,05:45,05:45,0.0,41.0,2.5,Nenhuma,True,False
2026-05-30,Manhã,R07,Centro-Sul,Viação Beta,05:45,05:41,-4.0,39.0,2.5,Nenhuma,True,False
2026-05-30,Manhã,R08,Norte,Viação Beta,05:45,05:43,-2.0,40.0,2.5,Nenhuma,True,False
2026-05-30,Tarde,R01,Norte,Viação Alfa,13:45,13:47,2.0,39.0,2.4,Nenhuma,True,False
2026-05-30,Tarde,R02,Norte,Viação Alfa,13:45,13:43,-2.0,42.0,2.4,Nenhuma,True,False
2026-05-30,Tarde,R03,Leste,Viação Beta,13:45,13:55,10.0,36.0,2.4,Nenhuma,False,False
2026-05-30,Tarde,R04,Sul,Viação Alfa,13:45,13:38,-7.0,31.0,2.4,Nenhuma,True,False
2026-05-30,Tarde,R05,Leste,Viação Beta,13:45,14:00,15.0,37.0,2.4,Obra na via,False,False
2026-05-30,Tarde,R06,Oeste,Viação Alfa,13:45,13:41,-4.0,34.0,2.4,Nenhuma,True,False
2026-05-30,Tarde,R07,Centro-Sul,Viação Beta,13:45,13:49,4.0,35.0,2.4,Nenhuma,True,False
2026-05-30,Tarde,R08,Norte,Viação Beta,13:45,13:43,-2.0,44.0,2.4,Nenhuma,True,False
2026-05-30,Noite,R01,Norte,Viação Alfa,21:45,21:40,-5.0,37.0,0.0,Nenhuma,True,False
2026-05-30,Noite,R02,Norte,Viação Alfa,21:45,21:40,-5.0,44.0,0.0,Nenhuma,True,False
2026-05-30,Noite,R03,Leste,Viação Beta,21:45,21:37,-8.0,43.0,0.0,Nenhuma,True,False
2026-05-30,Noite,R04,Sul,Viação Alfa,21:45,21:41,-4.0,38.0,0.0,Nenhuma,True,False
2026-05-30,Noite,R05,Leste,Viação Beta,21:45,21:39,-6.0,42.0,0.0,Nenhuma,True,False
2026-05-30,Noite,R06,Oeste,Viação Alfa,21:45,21:45,0.0,40.0,0.0,Nenhuma,True,False
2026-05-30,Noite,R07,Centro-Sul,Viação Beta,21:45,21:42,-3.0,33.0,0.0,Nenhuma,True,False
2026-05-30,Noite,R08,Norte,Viação Beta,21:45,21:43,-2.0,30.0,0.0,Nenhuma,True,False
